ProdNbr_c,Commodity_c,FunctionDesignation_c,ProdName_c,ProdNetWeight_n,ProdNetWeightNbr_n,ManId_c,ManDesignation_c,MC_n,ManStatus_c,ROHSStatus_c,SolderingProcess_c,MaxSolderingTemp_n,ASGId_n,LeadTime_n,LeadTimewithForecast_n,SupplierManufacturingRisk_n,SupplierAggregatedRisk_n,CommercialAggregatedRisk_n,TechnicalAggregatedRisk_n,RecoveryTimeweeks_n,Rampuptimetofullproductionfromfirstdeliveryweeks_n,MRPVol_n,AvgPriceLatestYearUSD_n,Volume_n,target_c
0,6,317,0,42.0,10.0,25,422,1,1,1,0,0,406.0,40.0,12.0,2.0,1.0,1.0,1.0,6.0,10.0,0,0.24969,1776.0,4
0,6,317,0,42.0,10.0,27,422,1,1,1,0,0,0,0,0,0,0,0,0,0,0,0,0.24969,0,4
1,6,47,5,973.0,1000.0,11,168,1,1,1,0,0,418.0,0,0,0,0,0,0,0,0,0,0,0,3
2,6,392,15,972.0,100.0,9,322,1,1,1,1,260.0,418.0,25.0,10.0,3.0,3.0,3.0,3.0,26.0,6.0,67312.0,5.1466199999999995,68510.0,4
3,6,1,24,1.0,1.0,48,602,1,1,1,1,260.0,2126.0,0,0,0,0,0,0,0,0,0,0,0,4
4,6,5,24,1.0,1.0,48,601,1,1,1,1,260.0,2126.0,0,0,0,0,0,0,0,0,0,0,0,4
5,6,93,12,1.0,1.0,32,8,1,1,1,0,0,18167.0,40.0,10.0,3.0,2.0,2.0,2.0,4.0,2.0,24.0,1.16019,720.0,3
6,6,95,12,20.0,1.0,32,9,1,1,1,0,0,18167.0,40.0,10.0,3.0,2.0,2.0,2.0,4.0,2.0,24.0,1.44746,480.0,3
7,6,96,12,1.0,1.0,32,7,1,1,1,0,265.0,18167.0,50.0,10.0,3.0,2.0,2.0,2.0,4.0,2.0,196.0,1.00948,1760.0,3
8,6,94,12,10.0,1.0,32,225,6,1,1,0,240.0,18167.0,0,0,0,0,0,0,0,0,0,0,0,4
9,6,11,13,0,0,51,504,1,1,1,0,0,2941.0,0,0,2.0,1.0,0,1.0,10.0,2.0,0,0,0,3
9,6,11,13,0,0,20,463,1,1,1,0,0,20433.0,0,0,0,0,0,0,0,0,0,0,0,3
10,6,105,5,0,0,51,487,1,1,1,0,0,2941.0,0,0,2.0,1.0,0,1.0,10.0,2.0,0,0,0,3
11,6,87,5,87966.0,10000.0,51,518,1,1,1,0,0,2941.0,0,0,2.0,1.0,0,1.0,10.0,2.0,0,0,0,3
11,6,87,5,87966.0,10000.0,51,517,6,1,1,0,0,2941.0,0,0,0,0,0,0,0,0,0,0,0,3
12,6,97,11,79083.0,10000.0,51,650,1,1,1,0,0,2941.0,0,0,2.0,1.0,0,1.0,10.0,2.0,0,0,0,3
13,6,125,5,10093.0,1000.0,51,508,1,1,1,0,0,2941.0,0,0,2.0,1.0,0,1.0,10.0,2.0,0,0,0,3
13,6,125,5,10093.0,1000.0,51,509,0,1,0,0,0,2941.0,0,0,0,0,0,0,0,0,0,0,0,3
14,6,120,5,12153.0,1000.0,51,523,1,1,1,1,255.0,2941.0,40.0,5.0,2.0,1.0,1.0,1.0,10.0,2.0,2231.0,1.88958,2385.0,4
14,6,120,5,12153.0,1000.0,51,519,4,1,1,1,255.0,2941.0,0,0,0,0,0,0,0,0,2231.0,1.88958,2385.0,4
14,6,120,5,12153.0,1000.0,51,522,6,1,1,1,255.0,2941.0,0,0,0,0,0,0,0,0,2231.0,1.88958,2385.0,4
15,6,117,5,20205.0,1000.0,51,524,1,1,1,1,255.0,2941.0,40.0,8.0,2.0,1.0,0,1.0,10.0,2.0,0,0,0,4
15,6,117,5,20205.0,1000.0,51,496,4,1,1,1,255.0,2941.0,0,0,0,0,0,0,0,0,0,0,0,4
16,6,73,5,0,0,51,494,2,1,0,0,0,2941.0,0,0,0,0,0,0,0,0,0,0,0,4
17,6,76,5,86859.0,10000.0,47,452,1,1,1,0,0,418.0,0,0,3.0,3.0,0,3.0,15.0,15.0,0,0,0,3
18,6,75,5,77123.0,10000.0,47,451,4,1,1,0,260.0,418.0,0,0,0,0,0,0,0,0,0,0,0,4
18,6,75,5,77123.0,10000.0,47,432,1,1,0,0,0,418.0,0,0,0,0,0,0,0,0,0,0,0,4
19,6,76,5,0,0,32,281,1,1,1,0,0,18167.0,154.0,10.0,4.0,2.0,2.0,2.0,4.0,2.0,60.0,0.63421,650.0,3
20,6,72,5,0,0,9,386,1,1,1,2,260.0,418.0,20.0,20.0,3.0,3.0,3.0,3.0,15.0,8.0,0,0.2862,1037.0,3
21,6,0,5,7712.0,1000.0,52,590,1,1,1,0,240.0,96.0,0,0,0,0,0,0,0,0,0,0.635,0,3
21,6,0,5,7712.0,1000.0,47,450,1,1,1,0,260.0,418.0,20.0,20.0,3.0,3.0,3.0,1.0,15.0,8.0,0,0.635,360.0,3
22,6,70,5,1869095.0,100000.0,52,581,0,1,1,1,260.0,96.0,0,0,0,0,0,0,0,0,0,0,0,4
23,6,83,5,0,0,52,585,1,1,1,1,260.0,96.0,0,0,0,0,0,0,0,0,1920.0,0.475,0,3
23,6,83,5,0,0,47,453,1,1,1,1,260.0,418.0,20.0,20.0,3.0,3.0,3.0,1.0,15.0,8.0,1920.0,0.475,1920.0,3
24,6,59,5,101922.0,10000.0,52,576,1,1,1,2,260.0,96.0,0,0,0,0,0,0,0,0,0,0,0,3
24,6,59,5,101922.0,10000.0,47,456,1,1,1,1,260.0,418.0,0,0,3.0,3.0,0,1.0,15.0,15.0,0,0,0,3
25,6,89,5,1322269.0,100000.0,52,80,4,1,1,1,260.0,96.0,0,0,0,0,0,0,0,0,1056.0,0.6009,0,3
25,6,89,5,1322269.0,100000.0,52,573,1,1,1,2,260.0,96.0,0,0,0,0,0,0,0,0,1056.0,0.6009,0,3
25,6,89,5,1322269.0,100000.0,52,572,6,1,0,0,0,96.0,0,0,0,0,0,0,0,0,1056.0,0.6009,0,3
25,6,89,5,1322269.0,100000.0,47,534,1,1,1,1,260.0,418.0,0,0,0,0,0,0,0,0,1056.0,0.6009,0,3
25,6,89,5,1322269.0,100000.0,47,535,1,1,1,1,260.0,418.0,0,0,0,0,0,0,0,0,1056.0,0.6009,0,3
25,6,89,5,1322269.0,100000.0,47,433,1,1,0,0,0,418.0,0,0,0,0,0,0,0,0,1056.0,0.6009,0,3
25,6,89,5,1322269.0,100000.0,32,87,1,1,1,1,260.0,18167.0,0,0,0,0,0,0,0,0,1056.0,0.6009,3727.0,3
25,6,89,5,1322269.0,100000.0,32,238,1,1,1,1,260.0,18167.0,50.0,10.0,3.0,2.0,2.0,1.0,4.0,2.0,1056.0,0.6009,3727.0,3
26,6,91,5,14.0,1.0,52,568,1,1,1,2,260.0,96.0,0,0,0,0,0,0,0,0,1056.0,0.9179999999999999,0,3
26,6,91,5,14.0,1.0,52,570,1,1,1,2,260.0,96.0,0,0,0,0,0,0,0,0,1056.0,0.9179999999999999,0,3
26,6,91,5,14.0,1.0,52,567,6,1,0,0,0,96.0,0,0,0,0,0,0,0,0,1056.0,0.9179999999999999,0,3
26,6,91,5,14.0,1.0,52,569,6,1,0,0,0,96.0,0,0,0,0,0,0,0,0,1056.0,0.9179999999999999,0,3
26,6,91,5,14.0,1.0,45,536,1,1,1,1,260.0,418.0,40.0,20.0,3.0,3.0,3.0,1.0,15.0,8.0,1056.0,0.9179999999999999,2310.0,3
26,6,91,5,14.0,1.0,45,537,6,1,1,1,260.0,418.0,0,0,0,0,0,0,0,0,1056.0,0.9179999999999999,2310.0,3
26,6,91,5,14.0,1.0,47,434,1,1,0,0,0,418.0,0,0,0,0,0,0,0,0,1056.0,0.9179999999999999,2310.0,3
26,6,91,5,14.0,1.0,32,94,6,1,1,1,260.0,18167.0,42.0,10.0,3.0,2.0,3.0,1.0,8.0,2.0,1056.0,0.9179999999999999,0,3
27,6,90,5,83569.0,10000.0,32,12,1,1,0,0,0,18167.0,70.0,10.0,3.0,2.0,2.0,2.0,8.0,2.0,736.0,0.8092,3234.0,3
27,6,90,5,83569.0,10000.0,32,289,4,1,0,0,0,18167.0,0,0,0,0,0,0,0,0,736.0,0.8092,3234.0,3
28,6,92,5,92.0,10.0,52,589,1,1,1,2,260.0,96.0,0,0,0,0,0,0,0,0,0,0,0,2
29,6,79,5,650576.0,100000.0,32,283,1,1,1,0,0,18167.0,0,0,0,0,0,0,0,0,4284.0,0.0030800000000000003,3276.0,2
29,6,79,5,650576.0,100000.0,22,467,4,1,0,0,0,20668.0,0,0,0,0,0,0,0,0,4284.0,0.0030800000000000003,0,2
30,6,77,5,0,0,47,449,1,1,1,1,260.0,418.0,45.0,20.0,3.0,3.0,3.0,3.0,15.0,8.0,903.0,0.96,870.0,4
30,6,77,5,0,0,47,447,6,1,1,1,265.0,418.0,0,0,0,0,0,0,0,0,903.0,0.96,870.0,4
30,6,77,5,0,0,47,448,6,1,1,1,260.0,418.0,0,0,0,0,0,0,0,0,903.0,0.96,870.0,4
31,6,102,5,1504459.0,100000.0,52,530,6,1,1,1,260.0,96.0,0,0,0,0,0,0,0,0,1160.0,1.58687,1680.0,4
31,6,102,5,1504459.0,100000.0,52,565,1,1,1,2,260.0,96.0,40.0,20.0,4.0,2.0,2.0,2.0,8.0,8.0,1160.0,1.58687,1680.0,4
32,6,103,5,2111.0,100.0,52,529,6,1,1,1,260.0,96.0,0,0,0,0,0,0,0,0,2320.0,1.63805,3360.0,4
32,6,103,5,2111.0,100.0,52,564,1,1,1,2,260.0,96.0,40.0,20.0,3.0,1.0,1.0,1.0,3.0,3.0,2320.0,1.63805,3360.0,4
32,6,103,5,2111.0,100.0,32,83,4,1,1,1,265.0,18167.0,0,0,0,0,0,0,0,0,2320.0,1.63805,0,4
33,6,104,5,15299025.0,1000000.0,52,566,1,1,1,1,260.0,96.0,40.0,20.0,3.0,1.0,1.0,1.0,3.0,3.0,960.0,1.77795,1440.0,4
33,6,104,5,15299025.0,1000000.0,32,106,4,1,1,1,265.0,18167.0,0,0,0,0,0,0,0,0,960.0,1.77795,0,4
34,6,325,5,0,0,32,284,1,1,1,1,260.0,18167.0,70.0,10.0,4.0,2.0,2.0,2.0,8.0,2.0,0,1.2830000000000001,570.0,3
35,6,327,5,156057.0,10000.0,32,285,1,1,1,1,260.0,18167.0,84.0,10.0,2.0,2.0,0,2.0,8.0,4.0,0,0,0,3
35,6,327,5,156057.0,10000.0,32,370,6,1,1,0,0,18167.0,0,0,0,0,0,0,0,0,0,0,0,3
36,6,326,5,97275.0,10000.0,32,93,1,1,1,0,265.0,18167.0,84.0,10.0,4.0,2.0,2.0,1.0,8.0,2.0,1728.0,1.48,840.0,3
36,6,326,5,97275.0,10000.0,22,607,1,1,1,2,260.0,20668.0,0,0,0,0,0,0,0,0,1728.0,1.48,0,3
37,6,106,5,124002725.0,10000000.0,32,282,1,1,1,0,0,18167.0,154.0,10.0,4.0,2.0,2.0,2.0,8.0,2.0,74.0,1.0924200000000002,4250.0,4
38,5,112,5,1378.0,100.0,17,418,1,1,0,0,0,20475.0,35.0,6.0,2.0,1.0,0,1.0,2.0,2.0,0,0,0,4
38,5,112,5,1378.0,100.0,53,74,1,1,1,1,260.0,0,0,0,0,0,0,0,0,0,0,0,0,4
39,6,122,5,2023.0,100.0,51,499,6,1,1,1,255.0,2941.0,0,0,0,0,0,0,0,0,0,9.663839999999999,624.0,3
39,6,122,5,2023.0,100.0,51,501,1,1,1,0,0,2941.0,40.0,5.0,2.0,1.0,1.0,1.0,10.0,2.0,0,9.663839999999999,624.0,3
39,6,122,5,2023.0,100.0,51,500,6,1,1,0,0,2941.0,0,0,0,0,0,0,0,0,0,9.663839999999999,624.0,2
40,6,165,19,138.0,10.0,42,425,1,1,1,0,0,96.0,30.0,5.0,4.0,2.0,1.0,1.0,6.0,4.0,2472412.0,0.8471799999999999,832735.0,1
40,6,165,19,138.0,10.0,42,424,6,1,1,0,0,96.0,0,0,0,0,0,0,0,0,2472412.0,0.8471799999999999,832735.0,1
40,6,165,19,138.0,10.0,75,652,1,1,1,0,0,20098.0,0,0,0,0,0,0,0,0,2472412.0,0.8471799999999999,0,1
40,6,165,19,138.0,10.0,71,560,1,1,1,0,0,20668.0,40.0,20.0,4.0,1.0,1.0,1.0,8.0,2.0,2472412.0,0.8471799999999999,832735.0,1
41,6,61,5,148737.0,10000.0,51,527,1,1,1,0,0,2941.0,0,0,2.0,1.0,0,1.0,10.0,2.0,0,0,0,2
42,6,115,5,142635593.0,10000000.0,32,278,1,1,1,0,0,18167.0,70.0,10.0,4.0,2.0,2.0,2.0,8.0,2.0,347.0,5.95,341.0,3
43,6,114,5,749716.0,100000.0,32,149,1,1,1,0,0,18167.0,0,0,3.0,2.0,0,2.0,4.0,2.0,0,0,0,3
44,6,141,5,135565.0,10000.0,33,461,0,1,1,0,0,20433.0,0,0,0,0,0,0,0,0,0,0,0,4
45,2,400,5,0,0,41,73,1,1,1,0,0,3139.0,0,0,0,0,0,0,0,0,0,0,0,4
46,6,401,5,227.0,100.0,42,442,0,1,1,1,260.0,96.0,0,0,0,0,0,0,0,0,15144.0,3.51459,1944.0,2
46,6,401,5,227.0,100.0,74,442,1,1,1,1,260.0,96.0,0,0,0,0,0,0,0,0,15144.0,3.51459,1944.0,2
46,6,401,5,227.0,100.0,74,662,2,1,1,1,250.0,96.0,0,0,0,0,0,0,0,0,15144.0,3.51459,1944.0,2
47,6,113,18,20.0,1.0,51,651,4,1,1,0,0,2941.0,0,0,0,0,0,0,0,0,0,0,0,4
48,6,402,5,0,0,55,606,1,1,1,0,0,18167.0,99.0,10.0,3.0,2.0,2.0,2.0,7.0,7.0,759.0,3.11441,590.0,2
49,6,54,5,0,0,73,588,1,1,1,0,230.0,96.0,0,0,0,0,0,0,0,0,1.0,2.4294599999999997,0,4
49,6,54,5,0,0,51,482,1,1,1,0,0,2941.0,40.0,5.0,2.0,1.0,1.0,1.0,10.0,2.0,1.0,2.4294599999999997,100.0,4
49,6,54,5,0,0,50,462,1,1,1,0,0,20433.0,0,0,0,0,0,0,0,0,1.0,2.4294599999999997,0,4
50,6,53,5,1.0,1.0,5,6,1,1,1,0,0,70.0,0,0,0,0,0,0,0,0,0,0,0,4
50,6,53,5,1.0,1.0,73,563,1,1,1,0,230.0,96.0,40.0,10.0,4.0,2.0,0,1.0,8.0,3.0,0,0,0,4
50,6,53,5,1.0,1.0,51,491,1,1,1,0,0,2941.0,0,0,0,0,0,0,0,0,0,0,0,4
51,6,241,5,1.0,1.0,62,271,1,1,1,0,0,18167.0,40.0,10.0,3.0,2.0,2.0,2.0,8.0,2.0,380.0,0.20836999999999997,1088.0,4
52,6,241,5,1.0,1.0,62,263,1,1,1,0,0,18167.0,63.0,10.0,4.0,2.0,0,2.0,8.0,2.0,0,0,0,4
53,6,241,5,0,0,58,231,1,1,1,0,260.0,9422.0,42.0,21.0,1.0,1.0,1.0,1.0,1.0,1.0,2708.0,2.04908,1894.0,4
54,6,290,5,0,0,62,274,1,1,1,0,0,18167.0,103.0,10.0,3.0,2.0,0,2.0,8.0,2.0,0,0,0,4
55,6,264,5,1.0,1.0,58,222,1,1,1,0,260.0,9422.0,47.0,24.0,3.0,2.0,0,1.0,8.0,2.0,0,0,0,4
55,6,264,5,1.0,1.0,62,300,1,1,1,0,0,18167.0,0,0,0,0,0,0,0,0,0,0,0,4
56,6,267,5,1.0,1.0,58,223,1,1,1,0,260.0,9422.0,0,0,0,0,0,0,0,0,172.0,5.32049,0,4
56,6,267,5,1.0,1.0,62,261,1,1,1,0,0,18167.0,65.0,10.0,4.0,2.0,2.0,1.0,4.0,2.0,172.0,5.32049,221.0,4
57,6,269,5,1.0,1.0,73,628,1,1,1,0,0,96.0,40.0,10.0,4.0,2.0,2.0,2.0,8.0,3.0,848.0,0.99959,224.0,4
58,6,178,5,2013.0,1000.0,73,596,1,1,1,1,260.0,96.0,0,0,4.0,2.0,2.0,2.0,8.0,3.0,579.0,0.49453,2001.0,4
59,6,265,5,0,0,66,591,1,1,1,0,0,12820.0,80.0,70.0,2.0,2.0,2.0,1.0,4.0,2.0,6320.0,12.3,6540.0,4
60,6,290,5,0,0,73,637,1,1,1,0,0,96.0,40.0,10.0,4.0,2.0,0,2.0,8.0,3.0,0,0,0,4
60,6,290,5,0,0,73,634,6,1,1,0,0,96.0,0,0,0,0,0,0,0,0,0,0,0,4
61,6,284,5,1.0,1.0,73,640,1,1,1,0,0,96.0,40.0,10.0,4.0,2.0,0,2.0,8.0,3.0,0,0,0,4
62,6,283,5,18476.0,1000.0,73,636,1,1,1,0,0,96.0,0,0,0,0,0,0,0,0,0,0,0,4
63,6,177,5,1.0,1.0,62,302,1,1,1,1,260.0,18167.0,40.0,10.0,3.0,2.0,2.0,2.0,8.0,2.0,290.0,0.41472,16800.0,4
64,6,275,5,1.0,1.0,62,309,1,1,1,0,0,18167.0,63.0,10.0,3.0,2.0,2.0,2.0,8.0,2.0,200.0,3.54025,1125.0,4
64,6,275,5,1.0,1.0,62,56,4,1,1,0,0,18167.0,0,0,0,0,0,0,0,0,200.0,3.54025,1125.0,4
65,6,245,5,1.0,1.0,73,630,1,1,1,0,0,96.0,40.0,10.0,4.0,2.0,2.0,1.0,8.0,3.0,460.0,1.93605,1680.0,4
65,6,245,5,1.0,1.0,73,629,4,1,1,0,0,96.0,0,0,0,0,0,0,0,0,460.0,1.93605,1680.0,4
65,6,245,5,1.0,1.0,23,559,4,1,1,0,260.0,301.0,0,0,0,0,0,0,0,0,460.0,1.93605,0,4
65,6,245,5,1.0,1.0,66,1,1,1,1,0,0,12820.0,0,0,0,0,0,0,0,0,460.0,1.93605,0,4
66,6,246,5,1.0,1.0,62,85,1,1,1,0,0,18167.0,70.0,10.0,3.0,2.0,2.0,2.0,8.0,2.0,99.0,0.76874,1800.0,4
67,6,133,2,6544.0,1000.0,9,39,1,1,1,0,0,418.0,30.0,20.0,3.0,3.0,0,3.0,26.0,6.0,0,0,0,3
68,6,243,12,0,0,10,270,1,1,1,1,260.0,18167.0,0,0,3.0,2.0,0,2.0,4.0,2.0,0,0,0,4
69,6,397,12,0,0,26,7,1,1,1,0,0,18167.0,50.0,10.0,3.0,2.0,0,2.0,4.0,2.0,0,0,0,2
70,6,250,5,308001.0,100000.0,35,688,1,1,1,2,250.0,2296.0,40.0,30.0,4.0,1.0,1.0,1.0,4.0,4.0,14956.0,1.64998,5000.0,4
71,6,186,5,4323.0,1000.0,61,595,1,1,1,1,260.0,96.0,40.0,10.0,4.0,2.0,2.0,1.0,8.0,3.0,251550.0,0.48227,181997.0,2
71,6,186,5,4323.0,1000.0,61,593,6,1,1,1,260.0,96.0,0,0,0,0,0,0,0,0,251550.0,0.48227,181997.0,2
71,6,186,5,4323.0,1000.0,61,594,6,1,1,1,260.0,96.0,0,0,0,0,0,0,0,0,251550.0,0.48227,181997.0,2
71,6,186,5,4323.0,1000.0,44,678,1,1,1,1,260.0,12820.0,0,0,0,0,0,0,0,0,251550.0,0.48227,0,2
71,6,186,5,4323.0,1000.0,44,668,6,1,1,1,260.0,12820.0,0,0,0,0,0,0,0,0,251550.0,0.48227,0,2
71,6,186,5,4323.0,1000.0,44,675,6,1,1,0,0,12820.0,0,0,0,0,0,0,0,0,251550.0,0.48227,0,2
72,6,362,5,68.0,100.0,36,332,1,1,1,1,260.0,9422.0,0,0,0,0,0,0,0,0,5676570.0,0.24015999999999998,824768.0,1
72,6,362,5,68.0,100.0,36,333,1,1,1,2,260.0,9422.0,52.0,26.0,3.0,2.0,1.0,1.0,8.0,4.0,5676570.0,0.24015999999999998,824768.0,1
72,6,362,5,68.0,100.0,32,109,1,1,1,2,260.0,18167.0,40.0,10.0,3.0,2.0,1.0,1.0,8.0,2.0,5676570.0,0.24015999999999998,1924617.0,1
72,6,362,5,68.0,100.0,22,221,0,1,1,1,260.0,20668.0,0,0,0,0,0,0,0,0,5676570.0,0.24015999999999998,0,1
73,6,333,6,65103.0,10000.0,73,692,0,1,1,1,260.0,96.0,0,0,0,0,0,0,0,0,2281002.0,0.6852600000000001,0,1
73,6,333,6,65103.0,10000.0,36,351,0,1,0,0,0,9422.0,0,0,0,0,0,0,0,0,2281002.0,0.6852600000000001,0,1
73,6,333,6,65103.0,10000.0,32,166,0,1,1,1,260.0,18167.0,0,0,0,0,0,0,0,0,2281002.0,0.6852600000000001,1187078.0,1
73,6,333,6,65103.0,10000.0,32,165,1,1,1,1,260.0,18167.0,40.0,10.0,4.0,2.0,2.0,2.0,8.0,2.0,2281002.0,0.6852600000000001,1187078.0,1
73,6,333,6,65103.0,10000.0,32,164,4,1,1,1,260.0,18167.0,0,0,0,0,0,0,0,0,2281002.0,0.6852600000000001,1187078.0,1
74,6,334,5,5319003.0,1000000.0,36,346,1,1,1,1,260.0,9422.0,0,0,0,0,0,0,0,0,0,0.8286600000000001,7.0,2
74,6,334,5,5319003.0,1000000.0,36,350,1,1,1,0,0,9422.0,0,0,0,0,0,0,0,0,0,0.8286600000000001,7.0,2
75,6,335,5,65103.0,10000.0,73,692,1,1,1,1,260.0,96.0,0,0,0,0,0,0,0,0,207609.0,0.8588100000000001,12.0,2
75,6,335,5,65103.0,10000.0,32,164,1,1,1,1,260.0,18167.0,0,0,0,0,0,0,0,0,207609.0,0.8588100000000001,5.0,2
75,6,335,5,65103.0,10000.0,32,165,1,1,1,1,260.0,18167.0,0,0,0,0,0,0,0,0,207609.0,0.8588100000000001,5.0,2
76,6,373,5,602709529.0,10000000.0,64,723,1,1,1,0,0,96.0,0,0,0,0,0,0,0,0,33582.0,6.51339,0,4
76,6,373,5,602709529.0,10000000.0,36,363,1,1,1,0,0,9422.0,52.0,26.0,3.0,2.0,1.0,1.0,8.0,4.0,33582.0,6.51339,19684.0,1
76,6,373,5,602709529.0,10000000.0,32,145,1,1,1,0,0,18167.0,40.0,10.0,4.0,2.0,1.0,1.0,8.0,2.0,33582.0,6.51339,45929.0,1
77,6,372,5,282361.0,10000.0,64,729,1,1,1,0,0,96.0,40.0,10.0,4.0,2.0,2.0,1.0,8.0,3.0,13852.0,5.31361,22064.0,4
77,6,372,5,282361.0,10000.0,36,362,1,1,1,0,0,9422.0,0,0,0,0,0,0,0,0,13852.0,5.31361,0,4
78,6,140,5,106462.0,10000.0,1,91,1,1,1,1,265.0,18167.0,40.0,10.0,3.0,2.0,2.0,2.0,8.0,2.0,0,1.6993200000000002,1951.0,2
79,6,140,5,157727706.0,10000000.0,32,92,1,1,1,0,0,18167.0,63.0,10.0,3.0,2.0,2.0,2.0,4.0,2.0,13852.0,4.63267,22064.0,3
80,6,336,7,7270866.0,1000000.0,73,693,1,1,1,1,260.0,96.0,0,0,0,0,0,0,0,0,30288.0,1.37555,471.0,2
81,6,180,5,30081334.0,10000000.0,47,387,1,1,1,0,0,418.0,0,0,0,0,0,0,0,0,0,0,0,3
81,6,180,5,30081334.0,10000000.0,8,410,1,1,1,0,260.0,9422.0,0,0,0,0,0,0,0,0,0,0,0,3
81,6,180,5,30081334.0,10000000.0,44,738,4,1,1,1,245.0,12820.0,0,0,0,0,0,0,0,0,0,0,0,3
81,6,180,5,30081334.0,10000000.0,44,737,6,1,1,1,260.0,12820.0,0,0,0,0,0,0,0,0,0,0,0,3
81,6,180,5,30081334.0,10000000.0,32,15,1,1,1,0,0,18167.0,0,0,0,0,0,0,0,0,0,0,0,3
81,6,180,5,30081334.0,10000000.0,32,175,1,1,1,0,0,18167.0,50.0,10.0,3.0,2.0,0,1.0,8.0,2.0,0,0,0,3
82,6,136,5,5.0,1.0,24,291,1,1,1,0,0,18167.0,0,0,0,0,0,0,0,0,0,0,0,2
83,6,390,5,7.0,10.0,73,721,1,1,1,2,260.0,96.0,0,0,0,0,0,0,0,0,3979245.0,0.14017000000000002,0,2
83,6,390,5,7.0,10.0,36,330,1,1,1,1,260.0,9422.0,0,0,0,0,0,0,0,0,3979245.0,0.14017000000000002,0,2
83,6,390,5,7.0,10.0,32,55,1,1,1,1,260.0,18167.0,40.0,10.0,3.0,2.0,1.0,1.0,8.0,2.0,3979245.0,0.14017000000000002,3386772.0,2
83,6,390,5,7.0,10.0,22,219,1,1,0,0,0,20668.0,35.0,10.0,4.0,1.0,1.0,1.0,6.0,3.0,3979245.0,0.14017000000000002,1458499.0,2
84,6,391,5,19314.0,10000.0,32,304,1,1,1,0,0,18167.0,40.0,10.0,4.0,2.0,2.0,1.0,8.0,2.0,20061.0,0.21176999999999999,12348.0,4
85,6,369,5,24855.0,10000.0,32,303,1,1,1,1,260.0,18167.0,40.0,10.0,4.0,2.0,1.0,1.0,8.0,2.0,20061.0,0.22966999999999999,2552.0,4
86,6,370,5,44169.0,10000.0,36,327,0,1,0,0,0,9422.0,0,0,0,0,0,0,0,0,0,1.09588,0,2
86,6,370,5,44169.0,10000.0,32,117,1,1,1,1,260.0,18167.0,40.0,10.0,4.0,1.0,1.0,1.0,2.0,2.0,0,1.09588,1128.0,2
86,6,370,5,44169.0,10000.0,32,305,4,1,1,1,260.0,18167.0,0,0,0,0,0,0,0,0,0,1.09588,1128.0,2
87,6,380,6,507615.0,100000.0,73,690,1,1,1,1,260.0,96.0,40.0,10.0,4.0,2.0,1.0,1.0,8.0,3.0,2389593.0,0.54485,971711.0,4
87,6,380,6,507615.0,100000.0,73,691,4,1,1,0,0,96.0,0,0,0,0,0,0,0,0,2389593.0,0.54485,971711.0,4
87,6,380,6,507615.0,100000.0,36,338,1,1,1,1,260.0,9422.0,0,0,0,0,0,0,0,0,2389593.0,0.54485,0,4
87,6,380,6,507615.0,100000.0,32,61,4,1,1,1,260.0,18167.0,40.0,10.0,4.0,2.0,1.0,1.0,8.0,2.0,2389593.0,0.54485,971711.0,4
87,6,380,6,507615.0,100000.0,32,16,0,1,0,0,0,18167.0,0,0,0,0,0,0,0,0,2389593.0,0.54485,971711.0,4
87,6,380,6,507615.0,100000.0,22,216,1,1,1,1,260.0,20668.0,35.0,10.0,4.0,1.0,1.0,1.0,6.0,3.0,2389593.0,0.54485,1036856.0,4
88,6,380,5,507615.0,100000.0,73,690,1,1,1,1,260.0,96.0,0,0,0,0,0,0,0,0,37181.0,0.45955,8.0,2
88,6,380,5,507615.0,100000.0,32,61,4,1,1,1,260.0,18167.0,0,0,0,0,0,0,0,0,37181.0,0.45955,971711.0,2
88,6,380,5,507615.0,100000.0,32,16,0,1,0,0,0,18167.0,0,0,0,0,0,0,0,0,37181.0,0.45955,971711.0,2
89,6,411,5,322458.0,100000.0,32,203,6,1,1,1,260.0,18167.0,0,0,0,0,0,0,0,0,0,0,0,4
89,6,411,5,322458.0,100000.0,60,206,6,1,0,0,0,0,0,0,0,0,0,0,0,0,0,0,0,4
90,6,25,2,228.0,100.0,56,441,1,1,1,0,0,3129.0,0,0,2.0,2.0,0,1.0,9.0,2.0,0,0,0,4
90,6,25,2,228.0,100.0,7,379,1,1,1,0,0,9422.0,0,0,3.0,2.0,0,1.0,9.0,5.0,0,0,0,2
91,6,236,5,0,0,44,671,1,1,1,1,260.0,12820.0,50.0,40.0,1.0,2.0,2.0,2.0,4.0,2.0,2294.0,0.59,3000.0,4
91,6,236,5,0,0,44,667,4,1,1,1,260.0,12820.0,0,0,0,0,0,0,0,0,2294.0,0.59,3000.0,4
92,6,51,5,144005.0,10000000.0,32,137,0,1,1,0,0,18167.0,0,0,0,0,0,0,0,0,0,0,0,4
93,6,182,5,0,0,32,17,1,1,1,1,260.0,18167.0,0,0,3.0,2.0,2.0,2.0,8.0,2.0,0,0.21600000000000003,2100.0,4
94,6,251,5,26078966.0,10000000.0,32,18,1,1,1,1,260.0,18167.0,0,0,3.0,2.0,0,2.0,8.0,2.0,298.0,0,0,3
95,6,242,5,0,0,44,672,1,1,1,1,260.0,12820.0,0,0,0,0,0,0,0,0,960.0,0.8365100000000001,0,3
95,6,242,5,0,0,22,545,1,1,1,2,245.0,20668.0,0,0,4.0,1.0,1.0,1.0,8.0,2.0,960.0,0.8365100000000001,1440.0,3
96,6,204,5,1740946.0,100000.0,4,515,1,1,1,1,260.0,96.0,40.0,10.0,4.0,2.0,2.0,2.0,8.0,3.0,0,2.23177,281728.0,4
96,6,204,5,1740946.0,100000.0,47,407,0,1,0,0,0,418.0,0,0,0,0,0,0,0,0,0,2.23177,0,4
97,6,181,5,22.0,10.0,36,381,4,1,1,0,260.0,9422.0,0,0,0,0,0,0,0,0,24.0,0.47978000000000004,1260.0,4
97,6,181,5,22.0,10.0,36,382,1,1,1,1,260.0,9422.0,40.0,20.0,1.0,1.0,1.0,1.0,1.0,1.0,24.0,0.47978000000000004,1260.0,4
98,6,273,5,56.0,10.0,44,681,1,1,1,0,0,12820.0,60.0,50.0,2.0,2.0,2.0,2.0,4.0,2.0,4378.0,1.6,3241.0,4
99,6,208,5,158.0,10.0,12,532,4,1,1,2,220.0,96.0,0,0,3.0,2.0,0,1.0,5.0,2.0,0,0,0,3
99,6,208,5,158.0,10.0,61,532,1,1,1,0,0,96.0,0,0,3.0,2.0,0,1.0,5.0,2.0,0,0,0,3
99,6,208,5,158.0,10.0,44,680,1,1,1,0,0,12820.0,0,0,2.0,2.0,0,1.0,4.0,2.0,0,0,0,3
100,6,173,5,977.0,1000.0,36,361,1,1,1,1,260.0,9422.0,38.0,19.0,3.0,2.0,2.0,2.0,6.0,6.0,1320.0,1.68966,1650.0,2
101,6,414,5,739.0,1000.0,73,689,1,1,1,1,260.0,96.0,0,0,0,0,0,0,0,0,46884.0,0.12247000000000001,0,3
101,6,414,5,739.0,1000.0,47,33,1,1,1,1,260.0,418.0,0,0,0,0,0,0,0,0,46884.0,0.12247000000000001,102153.0,3
101,6,414,5,739.0,1000.0,47,32,6,1,1,1,260.0,418.0,0,0,0,0,0,0,0,0,46884.0,0.12247000000000001,102153.0,3
101,6,414,5,739.0,1000.0,47,34,1,1,1,2,260.0,418.0,20.0,20.0,3.0,3.0,3.0,3.0,16.0,8.0,46884.0,0.12247000000000001,102153.0,3
102,6,249,5,141595.0,100000.0,32,266,1,1,1,2,260.0,18167.0,0,0,0,0,0,0,0,0,0,0,0,4
102,6,249,5,141595.0,100000.0,32,267,0,1,0,0,0,18167.0,0,0,0,0,0,0,0,0,0,0,0,4
103,6,239,5,563.0,100.0,44,659,1,1,1,0,0,12820.0,80.0,70.0,2.0,2.0,2.0,2.0,4.0,2.0,12.0,4.141,1100.0,4
104,6,263,5,56.0,10.0,44,660,1,1,1,0,0,12820.0,80.0,70.0,2.0,2.0,2.0,2.0,4.0,2.0,24.0,12.799000000000001,352.0,4
105,6,238,5,0,0,23,540,1,1,1,1,260.0,301.0,0,0,0,0,0,0,0,0,0,0,0,4
106,6,411,5,385.0,100.0,21,295,1,1,1,2,260.0,418.0,0,0,4.0,4.0,0,4.0,26.0,26.0,0,0,0,3
107,6,200,5,5019.0,1000.0,15,413,1,1,1,1,260.0,9422.0,50.0,25.0,3.0,3.0,3.0,3.0,26.0,13.0,804.0,0.72551,1960.0,3
108,6,248,5,0,0,15,412,1,1,1,1,260.0,9422.0,66.0,33.0,3.0,4.0,0,4.0,26.0,13.0,0,0,0,4
109,6,244,5,353383.0,100000.0,61,648,0,1,0,0,0,96.0,0,0,0,0,0,0,0,0,0,0,0,4
109,6,244,5,353383.0,100000.0,32,52,4,1,0,0,0,18167.0,0,0,0,0,0,0,0,0,0,0,0,4
109,6,244,5,353383.0,100000.0,31,52,4,1,0,0,0,18167.0,0,0,0,0,0,0,0,0,0,0,0,4
109,6,244,5,353383.0,100000.0,32,53,1,1,0,0,0,18167.0,50.0,10.0,2.0,2.0,0,2.0,8.0,2.0,0,0,0,4
110,6,139,12,32822744.0,10000000.0,36,256,4,1,1,1,260.0,9422.0,0,0,0,0,0,0,0,0,0,0,0,2
110,6,139,12,32822744.0,10000000.0,36,255,1,1,1,0,0,9422.0,0,0,0,0,0,0,0,0,0,0,0,2
110,6,139,12,32822744.0,10000000.0,32,286,1,1,1,0,265.0,18167.0,40.0,10.0,3.0,2.0,0,1.0,8.0,2.0,0,0,0,2
111,6,138,12,288.0,100.0,36,257,1,1,1,1,250.0,9422.0,0,0,3.0,3.0,3.0,3.0,15.0,4.0,448.0,0.8755,750.0,2
111,6,138,12,288.0,100.0,36,258,4,1,1,1,260.0,9422.0,0,0,0,0,0,0,0,0,448.0,0.8755,750.0,2
111,6,138,12,288.0,100.0,32,10,4,1,1,1,260.0,18167.0,40.0,10.0,3.0,2.0,2.0,2.0,8.0,2.0,448.0,0.8755,0,2
111,6,138,12,288.0,100.0,32,11,4,1,0,0,0,18167.0,0,0,0,0,0,0,0,0,448.0,0.8755,0,2
112,6,17,5,59.0,100.0,35,207,6,1,1,1,245.0,2296.0,0,0,0,0,0,0,0,0,4350.0,1.17735,10833.0,4
112,6,17,5,59.0,100.0,35,208,1,1,1,2,245.0,2296.0,30.0,20.0,4.0,1.0,1.0,1.0,4.0,4.0,4350.0,1.17735,10833.0,4
113,6,222,5,0,0,44,661,1,1,1,0,0,12820.0,80.0,70.0,2.0,2.0,2.0,2.0,4.0,2.0,12.0,17.722,352.0,4
114,6,424,5,89.0,100.0,73,722,1,1,1,1,260.0,96.0,40.0,10.0,4.0,2.0,2.0,1.0,8.0,3.0,31042.0,0.607,23925.0,1
114,6,424,5,89.0,100.0,36,331,1,1,1,2,260.0,9422.0,0,0,0,0,0,0,0,0,31042.0,0.607,0,1
114,6,424,5,89.0,100.0,72,373,1,1,1,1,260.0,18167.0,0,0,0,0,0,0,0,0,31042.0,0.607,0,1
115,6,424,5,85387.0,100000.0,69,372,1,1,1,1,260.0,18167.0,40.0,10.0,3.0,2.0,2.0,2.0,8.0,2.0,1688.0,0.8496600000000001,4800.0,4
116,6,374,5,0,0,22,220,1,1,1,2,260.0,20668.0,0,0,4.0,1.0,0,1.0,8.0,4.0,0,0,0,2
117,6,199,5,0,0,36,411,1,1,1,1,260.0,9422.0,0,0,3.0,4.0,4.0,4.0,26.0,13.0,0,0,0,3
117,6,199,5,0,0,36,408,6,1,1,1,250.0,9422.0,0,0,0,0,0,0,0,0,0,0,0,3
118,6,142,5,5.0,1.0,19,290,0,1,1,1,260.0,70.0,0,0,0,0,0,0,0,0,0,0,0,4
119,6,223,5,547.0,100.0,44,670,1,1,1,1,260.0,12820.0,60.0,50.0,2.0,2.0,2.0,2.0,4.0,2.0,175.0,0.55,1920.0,4
119,6,223,5,547.0,100.0,44,665,1,1,1,3,220.0,12820.0,0,0,0,0,0,0,0,0,175.0,0.55,1920.0,4
120,6,183,5,461914.0,100000.0,39,676,1,1,1,1,260.0,12820.0,0,0,0,0,0,0,0,0,960.0,1.01852,0,3
120,6,183,5,461914.0,100000.0,71,543,1,1,1,0,0,20668.0,35.0,15.0,4.0,1.0,1.0,1.0,8.0,2.0,960.0,1.01852,7200.0,3
121,6,236,5,646.0,100.0,44,666,1,1,1,1,260.0,12820.0,0,0,0,0,0,0,0,0,139.0,0.59,1500.0,4
121,6,236,5,646.0,100.0,44,671,1,1,1,1,260.0,12820.0,50.0,40.0,2.0,2.0,2.0,2.0,4.0,2.0,139.0,0.59,1500.0,4
122,6,50,5,13411.0,1000.0,9,323,1,1,1,0,0,418.0,0,0,0,0,0,0,0,0,0,0,0,4
122,6,50,5,13411.0,1000.0,22,133,1,1,1,0,240.0,20668.0,0,0,0,0,0,0,0,0,0,0,0,4
123,6,187,5,5293.0,1000.0,73,616,1,1,1,0,0,96.0,40.0,10.0,4.0,2.0,2.0,1.0,8.0,3.0,0,0.63132,1000.0,3
123,6,187,5,5293.0,1000.0,29,237,1,1,1,1,265.0,18167.0,0,0,0,0,0,0,0,0,0,0.63132,0,3
124,6,179,5,55498362.0,1000000.0,73,641,1,1,1,2,245.0,96.0,40.0,10.0,4.0,2.0,0,2.0,8.0,3.0,0,0,0,4
125,6,188,5,5293.0,1000.0,16,615,1,1,1,1,260.0,96.0,40.0,10.0,4.0,2.0,1.0,1.0,8.0,3.0,437359.0,0.58602,180137.0,3
125,6,188,5,5293.0,1000.0,32,287,1,1,1,1,260.0,18167.0,0,0,0,0,0,0,0,0,437359.0,0.58602,180404.0,3
125,6,188,5,5293.0,1000.0,32,288,1,1,1,1,260.0,18167.0,40.0,10.0,4.0,2.0,1.0,1.0,8.0,2.0,437359.0,0.58602,180404.0,3
126,6,256,5,20.0,1.0,66,2,1,1,1,1,260.0,12820.0,70.0,20.0,2.0,2.0,2.0,1.0,4.0,2.0,703.0,11.3173,821.0,4
127,6,258,5,20.0,1.0,66,5,1,1,1,1,260.0,12820.0,70.0,20.0,2.0,2.0,2.0,1.0,4.0,2.0,703.0,8.181000000000001,1421.0,4
128,6,320,5,67522.0,10000.0,32,272,1,1,1,0,265.0,18167.0,0,0,3.0,2.0,0,2.0,8.0,2.0,0,0,0,2
129,6,278,5,443456.0,10000.0,61,603,0,1,0,0,0,96.0,0,0,0,0,0,0,0,0,736.0,6.61521,0,4
129,6,278,5,443456.0,10000.0,32,113,1,1,1,0,0,18167.0,40.0,10.0,3.0,2.0,2.0,2.0,8.0,2.0,736.0,6.61521,3234.0,4
130,6,237,5,0,0,32,262,1,1,1,0,0,18167.0,0,0,3.0,2.0,0,2.0,8.0,2.0,0,0,0,3
131,6,224,5,0,0,73,631,1,1,1,1,260.0,96.0,0,0,4.0,2.0,2.0,2.0,8.0,3.0,10000.0,2.15481,5320.0,2
132,6,201,5,3118.0,1000.0,16,609,1,1,1,1,260.0,96.0,0,0,4.0,2.0,2.0,2.0,8.0,8.0,30000.0,0.69775,11824.0,2
132,6,201,5,3118.0,1000.0,73,609,6,1,1,1,260.0,96.0,0,0,4.0,2.0,2.0,2.0,8.0,8.0,30000.0,0.69775,11824.0,2
133,6,266,5,27606828.0,1000000.0,32,111,1,1,1,0,0,18167.0,0,0,3.0,2.0,0,2.0,8.0,2.0,0,0,0,3
134,6,255,5,18476.0,1000.0,73,635,1,1,1,0,0,96.0,0,0,0,0,0,0,0,0,0,0,0,3
134,6,255,5,18476.0,1000.0,73,638,6,1,1,0,0,96.0,0,0,0,0,0,0,0,0,0,0,0,3
134,6,255,5,18476.0,1000.0,32,308,0,1,0,0,0,18167.0,0,0,3.0,2.0,0,2.0,4.0,2.0,0,0,0,3
135,6,240,5,769486.0,100000.0,44,103,6,1,1,1,260.0,12820.0,0,0,0,0,0,0,0,0,0,0,0,4
135,6,240,5,769486.0,100000.0,32,103,4,1,2,1,260.0,18167.0,0,0,3.0,2.0,0,2.0,4.0,2.0,0,0,0,4
136,6,219,5,3387632.0,1000000.0,73,592,1,1,1,0,0,96.0,40.0,10.0,4.0,2.0,2.0,2.0,8.0,3.0,692.0,0.7529899999999999,2000.0,4
137,6,281,5,733555016.0,10000000.0,32,105,1,1,1,0,0,18167.0,63.0,10.0,3.0,2.0,0,2.0,4.0,2.0,1704.0,0,0,3
138,6,196,5,51.0,10.0,61,621,1,1,1,1,260.0,96.0,30.0,10.0,4.0,2.0,1.0,1.0,8.0,8.0,128800.0,0.32232,39248.0,2
138,6,196,5,51.0,10.0,22,548,1,1,1,1,245.0,20668.0,0,0,0,0,0,0,0,0,128800.0,0.32232,39248.0,2
139,6,254,5,1178.0,100.0,61,623,0,1,1,1,260.0,96.0,0,0,0,0,0,0,0,0,0,0,0,4
139,6,254,5,1178.0,100.0,32,188,0,1,1,1,260.0,18167.0,0,0,0,0,0,0,0,0,0,0,0,4
139,6,254,5,1178.0,100.0,22,551,0,1,1,1,260.0,20668.0,0,0,0,0,0,0,0,0,0,0,0,4
139,6,254,5,1178.0,100.0,22,547,0,1,0,0,0,20668.0,0,0,0,0,0,0,0,0,0,0,0,4
140,6,260,5,152.0,10.0,61,626,0,1,1,1,260.0,96.0,0,0,0,0,0,0,0,0,0,0,0,4
140,6,260,5,152.0,10.0,32,189,0,1,1,1,260.0,18167.0,0,0,0,0,0,0,0,0,0,0,0,4
140,6,260,5,152.0,10.0,22,554,0,1,1,1,260.0,20668.0,0,0,0,0,0,0,0,0,0,0,0,4
141,6,235,5,5647434.0,1000000.0,36,605,0,1,0,0,0,9422.0,0,0,3.0,2.0,2.0,2.0,8.0,4.0,0,0,0,3
141,6,235,5,5647434.0,1000000.0,32,269,1,1,1,0,0,18167.0,0,0,3.0,2.0,2.0,2.0,4.0,2.0,0,0,0,3
142,6,274,5,444306912.0,10000000.0,32,114,1,1,1,0,0,18167.0,50.0,10.0,3.0,2.0,2.0,2.0,4.0,2.0,111.0,6.918660000000001,1125.0,3
143,6,207,5,18279.0,1000.0,61,633,1,1,1,0,0,96.0,40.0,10.0,4.0,2.0,2.0,2.0,8.0,8.0,396.0,4.326919999999999,3973.0,4
144,2,288,5,41553.0,1000.0,32,100,4,1,1,0,0,18167.0,40.0,10.0,3.0,2.0,0,0,4.0,2.0,0,0,0,4
144,2,288,5,41553.0,1000.0,79,100,1,1,1,0,0,0,0,0,0,0,0,0,0,0,0,0,0,4
145,2,212,5,1293301863.0,10000000.0,32,14,1,1,1,0,0,18167.0,0,0,0,0,0,0,0,0,111.0,0,0,3
145,2,212,5,1293301863.0,10000000.0,79,14,1,1,1,0,0,0,0,0,0,0,0,0,0,0,111.0,0,0,3
146,6,285,5,1850627.0,10000.0,32,112,1,1,1,0,0,18167.0,55.0,10.0,3.0,2.0,2.0,2.0,4.0,2.0,0,19.228620000000003,720.0,3
147,2,233,5,65389.0,10000.0,44,104,6,1,1,0,0,12820.0,0,0,0,0,0,0,0,0,0,0,0,4
147,2,233,5,65389.0,10000.0,32,104,4,1,1,0,0,18167.0,54.0,10.0,3.0,2.0,0,2.0,4.0,2.0,0,0,0,4
148,6,234,5,435.0,100.0,59,205,0,1,1,1,260.0,0,0,0,0,0,0,0,0,0,0,0,0,4
149,6,220,5,17378.0,1000.0,61,613,1,1,1,1,260.0,96.0,0,0,0,0,0,0,0,0,0,0,0,3
150,6,221,5,17378.0,1000.0,73,614,1,1,1,1,260.0,96.0,0,0,0,0,0,0,0,0,0,0,0,4
151,6,191,5,96.0,10.0,61,632,1,1,1,0,0,96.0,70.0,50.0,4.0,2.0,2.0,2.0,8.0,3.0,226.0,4.18825,3002.0,2
151,6,191,5,96.0,10.0,32,57,4,1,1,1,260.0,18167.0,0,0,0,0,0,0,0,0,226.0,4.18825,0,2
151,6,191,5,96.0,10.0,79,57,1,1,1,1,260.0,0,0,0,0,0,0,0,0,0,226.0,4.18825,0,2
152,6,198,5,38269512.0,10000000.0,32,299,1,1,1,1,260.0,18167.0,0,0,0,0,0,0,0,0,34926.0,0.39224000000000003,38474.0,4
153,6,143,5,3122.0,100.0,66,3,0,1,1,0,0,12820.0,0,0,0,0,0,0,0,0,0,0,0,4
154,6,197,5,506019.0,100000.0,47,44,0,1,1,1,260.0,418.0,0,0,4.0,4.0,4.0,4.0,26.0,6.0,11160.0,0,0,0
155,6,197,5,5001643.0,1000000.0,47,45,0,1,1,1,260.0,418.0,0,0,0,0,0,0,0,0,0,0,0,0
156,6,213,5,13060454.0,1000000.0,47,46,2,1,1,1,260.0,418.0,0,0,4.0,4.0,4.0,4.0,26.0,6.0,12300.0,2.4486,12000.0,0
157,6,213,5,13131331.0,1000000.0,47,47,0,1,1,1,260.0,418.0,0,0,0,0,0,0,0,0,0,0,0,0
158,6,271,5,216653972.0,10000000.0,32,306,1,1,1,0,0,18167.0,0,0,0,0,0,0,0,0,5878.0,11.48,931.0,4
158,6,271,5,216653972.0,10000000.0,32,307,0,1,0,0,0,18167.0,0,0,0,0,0,0,0,0,5878.0,11.48,931.0,4
159,6,215,5,4624002.0,1000000.0,73,612,1,1,1,1,260.0,96.0,0,0,0,0,0,0,0,0,5297.0,2.03075,500.0,4
159,6,215,5,4624002.0,1000000.0,36,685,0,1,0,0,0,9422.0,0,0,0,0,0,0,0,0,5297.0,2.03075,0,4
160,6,214,5,1455.0,100.0,73,611,1,1,1,1,260.0,96.0,0,0,0,0,0,0,0,0,10594.0,6.05015,500.0,4
161,6,217,5,5801.0,1000.0,44,664,0,1,1,0,0,12820.0,0,0,0,0,0,0,0,0,0,0,0,4
162,6,216,5,4936752.0,1000000.0,32,241,0,1,1,0,0,18167.0,0,0,0,0,0,0,0,0,42217.0,2.8322,2000.0,4
163,6,193,5,3738.0,1000.0,73,621,0,1,1,1,260.0,96.0,0,0,0,0,0,0,0,0,0,0,0,4
164,6,218,5,0,0,73,610,0,1,0,0,0,96.0,0,0,0,0,0,0,0,0,0,0,0,0
165,6,158,5,136624.0,100000.0,32,120,0,1,1,0,0,18167.0,0,0,0,0,0,0,0,0,0,0,0,2
165,6,158,5,136624.0,100000.0,32,163,0,1,0,0,0,18167.0,0,0,0,0,0,0,0,0,0,0,0,2
166,6,322,5,0,0,32,151,1,1,1,0,0,18167.0,0,0,3.0,2.0,0,2.0,8.0,2.0,0,0,0,4
167,6,323,5,0,0,32,150,1,1,1,0,0,18167.0,0,0,3.0,2.0,0,2.0,8.0,4.0,0,0,0,3
168,6,321,5,7519944.0,1000000.0,32,180,1,1,1,0,0,18167.0,50.0,10.0,3.0,2.0,2.0,2.0,8.0,2.0,390.0,3.27745,2419.0,3
169,6,232,5,636.0,100.0,23,561,1,1,1,1,250.0,301.0,40.0,30.0,2.0,2.0,2.0,2.0,8.0,10.0,96.0,4.3,228.0,4
170,6,286,5,466.0,10.0,70,480,1,1,1,1,260.0,0,0,0,0,0,0,0,0,0,12.0,0,0,4
170,6,286,5,466.0,10.0,70,481,1,1,1,0,0,0,0,0,0,0,0,0,0,0,12.0,0,0,4
171,6,229,5,40285406.0,10000000.0,32,301,1,1,1,2,245.0,18167.0,0,0,0,0,0,0,0,0,0,0,0,4
172,6,189,5,61874.0,10000.0,73,618,1,1,1,1,260.0,96.0,0,0,0,0,0,0,0,0,1518394.0,0.45533,334798.0,4
172,6,189,5,61874.0,10000.0,44,741,1,1,1,1,260.0,12820.0,60.0,50.0,2.0,2.0,2.0,2.0,4.0,2.0,1518394.0,0.45533,91193.0,4
173,6,231,5,0,0,32,374,1,1,1,1,245.0,18167.0,40.0,10.0,3.0,2.0,0,2.0,8.0,2.0,0,0,0,4
174,6,228,5,0,0,73,619,0,1,0,0,0,96.0,0,0,0,0,0,0,0,0,0,0,0,4
175,6,253,5,1024.0,100.0,44,679,1,1,1,1,260.0,12820.0,60.0,50.0,2.0,2.0,2.0,2.0,4.0,2.0,0,0.7909999999999999,34669.0,4
175,6,253,5,1024.0,100.0,68,29,4,1,1,1,255.0,20550.0,0,0,0,0,0,0,0,0,0,0.7909999999999999,0,4
175,6,253,5,1024.0,100.0,65,29,1,4,1,1,255.0,0,0,0,0,0,0,0,0,0,0,0.7909999999999999,0,4
176,6,209,5,303990169.0,10000000.0,32,139,1,1,1,0,0,18167.0,0,0,0,0,0,0,0,0,43476.0,1.86148,0,3
176,6,209,5,303990169.0,10000000.0,32,273,6,1,1,0,265.0,18167.0,0,0,0,0,0,0,0,0,43476.0,1.86148,0,3
176,6,209,5,303990169.0,10000000.0,22,557,1,1,1,0,265.0,20668.0,35.0,15.0,4.0,1.0,1.0,1.0,8.0,2.0,43476.0,1.86148,73445.0,3
177,6,270,5,64204.0,10000.0,44,739,4,1,1,1,260.0,12820.0,0,0,0,0,0,0,0,0,960.0,0,0,4
178,6,252,5,6266.0,1000.0,36,229,1,1,1,1,260.0,9422.0,42.0,21.0,1.0,1.0,1.0,1.0,1.0,1.0,1576.0,3.6098199999999996,3954.0,3
179,6,257,5,1.0,1.0,36,230,1,1,1,0,265.0,9422.0,42.0,21.0,1.0,1.0,1.0,1.0,1.0,1.0,4240.0,5.68153,2364.0,3
180,6,211,5,471.0,10.0,73,604,6,1,1,0,0,96.0,0,0,4.0,2.0,1.0,1.0,8.0,3.0,32008.0,1.9765099999999998,24950.0,3
180,6,211,5,471.0,10.0,22,558,1,1,1,2,260.0,20668.0,35.0,15.0,4.0,1.0,1.0,1.0,8.0,2.0,32008.0,1.9765099999999998,37425.0,3
181,6,272,5,1835.0,100.0,29,307,1,1,1,1,265.0,18167.0,40.0,10.0,3.0,2.0,2.0,2.0,8.0,2.0,0,2.9637,1080.0,4
182,6,279,5,3356.0,100.0,73,642,1,1,1,2,260.0,96.0,40.0,10.0,4.0,2.0,0,1.0,8.0,3.0,0,0,0,3
182,6,279,5,3356.0,100.0,44,740,1,1,1,1,260.0,12820.0,0,0,0,0,0,0,0,0,0,0,0,3
182,6,279,5,3356.0,100.0,22,556,0,1,0,0,0,20668.0,0,0,0,0,0,0,0,0,0,0,0,3
183,6,210,5,3419.0,100.0,73,643,1,1,1,0,0,96.0,40.0,10.0,4.0,2.0,2.0,1.0,8.0,3.0,7487.0,2.36745,29172.0,3
183,6,210,5,3419.0,100.0,44,669,1,1,1,0,260.0,12820.0,60.0,50.0,2.0,2.0,2.0,1.0,4.0,2.0,7487.0,2.36745,0,3
184,6,280,5,3413818.0,100000.0,73,644,1,1,1,2,260.0,96.0,40.0,10.0,4.0,2.0,2.0,2.0,8.0,3.0,13852.0,2.6305,24015.0,4
184,6,280,5,3413818.0,100000.0,73,639,6,1,1,0,265.0,96.0,0,0,0,0,0,0,0,0,13852.0,2.6305,24015.0,4
185,6,226,5,511.0,100.0,7,226,1,1,1,2,260.0,9422.0,0,0,3.0,2.0,0,2.0,8.0,2.0,0,0,0,2
186,6,291,5,8088.0,100.0,36,228,1,1,1,2,260.0,9422.0,0,0,3.0,2.0,0,2.0,8.0,2.0,0,0,0,2
187,6,292,5,56.0,10.0,44,4,1,1,1,1,260.0,12820.0,80.0,70.0,2.0,2.0,0,2.0,4.0,2.0,0,0,0,4
188,6,225,5,8167416.0,1000000.0,44,682,1,1,1,1,260.0,12820.0,60.0,50.0,2.0,2.0,1.0,1.0,4.0,2.0,32008.0,0.37719,12475.0,4
188,6,225,5,8167416.0,1000000.0,22,546,1,1,1,1,260.0,20668.0,0,0,0,0,0,0,0,0,32008.0,0.37719,49900.0,4
189,6,184,5,503.0,100.0,44,677,1,1,1,1,260.0,12820.0,0,0,0,0,0,0,0,0,32968.0,1.06171,0,2
189,6,184,5,503.0,100.0,22,544,1,1,1,1,245.0,20668.0,35.0,15.0,4.0,1.0,1.0,1.0,8.0,2.0,32968.0,1.06171,206989.0,2
189,6,184,5,503.0,100.0,22,543,6,1,1,0,0,20668.0,0,0,0,0,0,0,0,0,32968.0,1.06171,206989.0,2
190,6,247,5,77224.0,10000.0,63,110,1,1,1,0,0,18167.0,40.0,10.0,3.0,2.0,2.0,2.0,8.0,2.0,6120.0,1.16323,6216.0,2
191,6,190,5,47896.0,10000.0,67,136,1,1,1,1,245.0,18167.0,40.0,10.0,3.0,2.0,1.0,1.0,8.0,2.0,471486.0,0.34869,164084.0,3
191,6,190,5,47896.0,10000.0,22,550,1,1,1,1,245.0,20668.0,35.0,15.0,4.0,1.0,1.0,1.0,8.0,2.0,471486.0,0.34869,384102.0,3
192,2,268,5,0,0,44,102,1,1,1,0,0,12820.0,0,0,0,0,0,0,0,0,130.0,0,0,4
192,2,268,5,0,0,32,102,4,1,1,2,265.0,18167.0,40.0,10.0,4.0,2.0,0,2.0,8.0,4.0,130.0,0,0,4
193,6,176,5,63156.0,10000.0,32,742,1,1,1,0,265.0,18167.0,0,0,0,0,0,0,0,0,0,0,0,4
193,6,176,5,63156.0,10000.0,32,116,4,1,1,0,265.0,18167.0,0,0,0,0,0,0,0,0,0,0,0,4
194,6,192,5,0,0,16,649,1,1,1,0,0,96.0,35.0,10.0,4.0,2.0,2.0,1.0,8.0,3.0,6618.0,0.53662,3774.0,3
194,6,192,5,0,0,32,53,1,1,1,0,265.0,18167.0,0,0,0,0,0,0,0,0,6618.0,0.53662,0,3
195,6,185,5,5701.0,1000.0,73,617,1,1,1,2,260.0,96.0,35.0,10.0,4.0,2.0,2.0,1.0,8.0,3.0,100586.0,0.61566,110121.0,2
195,6,185,5,5701.0,1000.0,44,673,1,1,0,0,0,12820.0,0,0,0,0,0,0,0,0,100586.0,0.61566,0,2
195,6,185,5,5701.0,1000.0,44,674,1,1,0,0,0,12820.0,0,0,0,0,0,0,0,0,100586.0,0.61566,0,2
196,6,194,5,51.0,10.0,73,621,1,1,1,1,260.0,96.0,35.0,10.0,4.0,2.0,1.0,1.0,8.0,3.0,758677.0,0.31758000000000003,294977.0,2
196,6,194,5,51.0,10.0,73,620,6,1,1,1,260.0,96.0,0,0,0,0,0,0,0,0,758677.0,0.31758000000000003,294977.0,2
196,6,194,5,51.0,10.0,32,20,6,1,1,0,0,18167.0,0,0,0,0,0,0,0,0,758677.0,0.31758000000000003,0,2
196,6,194,5,51.0,10.0,32,192,0,1,0,0,0,18167.0,0,0,0,0,0,0,0,0,758677.0,0.31758000000000003,0,2
196,6,194,5,51.0,10.0,22,548,1,1,1,1,245.0,20668.0,0,0,0,0,0,0,0,0,758677.0,0.31758000000000003,79276.0,2
196,6,194,5,51.0,10.0,22,549,1,1,1,1,245.0,20668.0,35.0,15.0,4.0,1.0,1.0,1.0,8.0,2.0,758677.0,0.31758000000000003,79276.0,2
197,6,195,5,39535571.0,10000000.0,32,21,1,1,1,0,0,18167.0,0,0,0,0,0,0,0,0,214.0,1.59289,2000.0,2
198,6,202,5,7532.0,1000.0,73,623,1,1,1,1,260.0,96.0,40.0,10.0,4.0,2.0,1.0,1.0,8.0,3.0,1571307.0,0.5818,955154.0,2
198,6,202,5,7532.0,1000.0,73,622,6,1,1,1,260.0,96.0,0,0,0,0,0,0,0,0,1571307.0,0.5818,955154.0,2
198,6,202,5,7532.0,1000.0,32,188,1,1,1,1,260.0,18167.0,40.0,10.0,4.0,2.0,1.0,1.0,8.0,2.0,1571307.0,0.5818,240781.0,2
198,6,202,5,7532.0,1000.0,32,293,6,1,1,0,0,18167.0,0,0,0,0,0,0,0,0,1571307.0,0.5818,240781.0,2
198,6,202,5,7532.0,1000.0,32,294,6,1,1,0,0,18167.0,0,0,0,0,0,0,0,0,1571307.0,0.5818,240781.0,2
198,6,202,5,7532.0,1000.0,22,547,0,1,0,0,0,20668.0,0,0,0,0,0,0,0,0,1571307.0,0.5818,0,2
199,6,203,5,12762.0,1000.0,22,552,1,1,1,0,0,20668.0,0,0,0,0,0,0,0,0,1072.0,3.8485,1750.0,2
199,6,203,5,12762.0,1000.0,22,553,1,1,1,0,0,20668.0,35.0,15.0,4.0,1.0,1.0,1.0,8.0,2.0,1072.0,3.8485,1750.0,2
200,6,205,5,152.0,10.0,73,626,1,1,1,1,260.0,96.0,40.0,10.0,4.0,2.0,1.0,1.0,8.0,3.0,208562.0,0.82729,303763.0,2
200,6,205,5,152.0,10.0,73,624,6,1,1,1,260.0,96.0,0,0,0,0,0,0,0,0,208562.0,0.82729,303763.0,2
200,6,205,5,152.0,10.0,32,189,1,1,1,1,260.0,18167.0,40.0,10.0,4.0,2.0,1.0,1.0,8.0,2.0,208562.0,0.82729,78216.0,2
200,6,205,5,152.0,10.0,32,264,6,1,1,1,260.0,18167.0,0,0,0,0,0,0,0,0,208562.0,0.82729,78216.0,2
200,6,205,5,152.0,10.0,22,555,1,1,1,1,245.0,20668.0,0,0,0,0,0,0,0,0,208562.0,0.82729,0,2
201,6,287,5,412.0,10.0,22,542,4,1,1,2,260.0,20668.0,0,0,0,0,0,0,0,0,32008.0,1.97986,62375.0,4
201,6,287,5,412.0,10.0,22,541,1,1,1,2,260.0,20668.0,35.0,15.0,4.0,1.0,1.0,1.0,8.0,2.0,32008.0,1.97986,62375.0,4
202,6,289,5,41.0,1.0,22,542,1,1,1,1,260.0,20668.0,35.0,15.0,4.0,1.0,1.0,1.0,8.0,2.0,5687.0,12.09375,16872.0,4
203,6,206,5,186668444.0,10000000.0,73,625,1,1,1,0,0,96.0,40.0,10.0,4.0,2.0,2.0,1.0,8.0,3.0,900.0,1.22736,6630.0,3
203,6,206,5,186668444.0,10000000.0,73,627,4,1,1,0,260.0,96.0,0,0,0,0,0,0,0,0,900.0,1.22736,6630.0,3
203,6,206,5,186668444.0,10000000.0,32,265,1,1,1,0,0,18167.0,0,0,0,0,0,0,0,0,900.0,1.22736,0,3
204,2,230,5,717939.0,100000.0,44,101,1,1,1,0,0,12820.0,0,0,0,0,0,0,0,0,9202.0,2.1646099999999997,0,4
204,2,230,5,717939.0,100000.0,32,101,4,1,1,0,265.0,18167.0,40.0,10.0,3.0,2.0,0,2.0,8.0,2.0,9202.0,2.1646099999999997,3.0,4
205,6,261,5,170824.0,10000.0,16,645,1,1,1,0,0,96.0,40.0,10.0,4.0,2.0,2.0,2.0,8.0,8.0,2294.0,2.49342,1210.0,4
206,6,262,5,170824.0,10000.0,16,647,1,1,1,0,0,96.0,0,0,0,0,0,0,0,0,0,0,0,2
207,6,259,5,170824.0,10000.0,16,646,1,1,1,0,0,96.0,0,0,0,0,0,0,0,0,0,0,0,3
208,6,276,5,2234115.0,100000.0,32,307,1,1,1,0,265.0,18167.0,0,0,3.0,2.0,2.0,2.0,8.0,2.0,0,2.9637,5376.0,3
209,6,277,5,230654612.0,10000000.0,32,23,1,1,1,0,0,18167.0,40.0,10.0,3.0,2.0,2.0,2.0,8.0,2.0,3540.0,5.5126800000000005,5162.0,3
210,6,415,5,75.0,100.0,11,30,6,1,1,1,260.0,418.0,0,0,0,0,0,0,0,0,128828.0,0.15705999999999998,132275.0,1
210,6,415,5,75.0,100.0,11,31,1,1,1,2,260.0,418.0,15.0,10.0,4.0,4.0,1.0,1.0,26.0,26.0,128828.0,0.15705999999999998,132275.0,1
210,6,415,5,75.0,100.0,32,84,6,1,1,1,260.0,18167.0,0,0,0,0,0,0,0,0,128828.0,0.15705999999999998,56511.0,1
210,6,415,5,75.0,100.0,32,147,1,1,1,2,260.0,18167.0,40.0,10.0,4.0,2.0,1.0,1.0,8.0,2.0,128828.0,0.15705999999999998,56511.0,1
211,6,408,5,187.0,100.0,32,96,1,1,1,1,260.0,18167.0,0,0,3.0,2.0,0,2.0,8.0,2.0,0,0,0,2
212,6,409,5,349.0,100.0,14,234,1,1,1,0,265.0,9422.0,50.0,25.0,1.0,1.0,1.0,1.0,1.0,1.0,5687.0,0.15645,16872.0,2
212,6,409,5,349.0,100.0,22,719,4,1,1,1,260.0,20668.0,0,0,0,0,0,0,0,0,5687.0,0.15645,0,2
212,6,409,5,349.0,100.0,22,720,0,1,0,0,0,20668.0,0,0,0,0,0,0,0,0,5687.0,0.15645,0,2
213,6,407,5,20031494.0,10000000.0,11,388,1,1,1,0,0,418.0,5.0,5.0,4.0,4.0,4.0,1.0,26.0,6.0,7240.0,0.20246,9395.0,3
213,6,407,5,20031494.0,10000000.0,38,736,1,1,1,0,0,9677.0,0,0,0,0,0,0,0,0,7240.0,0.20246,0,3
213,6,407,5,20031494.0,10000000.0,38,735,4,1,1,0,230.0,9677.0,0,0,0,0,0,0,0,0,7240.0,0.20246,0,3
213,6,407,5,20031494.0,10000000.0,32,135,1,1,1,0,0,18167.0,0,0,0,0,0,0,0,0,7240.0,0.20246,0,3
213,6,407,5,20031494.0,10000000.0,32,202,1,1,1,0,0,18167.0,78.0,10.0,3.0,2.0,4.0,1.0,6.0,2.0,7240.0,0.20246,0,3
214,6,413,5,37488.0,100000.0,36,48,1,1,1,2,260.0,9422.0,50.0,25.0,1.0,1.0,1.0,1.0,1.0,1.0,195984.0,0.29922,25050.0,3
215,6,412,5,2442.0,10000.0,47,43,1,1,1,2,260.0,418.0,45.0,40.0,4.0,4.0,4.0,1.0,26.0,26.0,100.0,0.20457999999999998,10000.0,1
215,6,412,5,2442.0,10000.0,32,121,1,1,1,2,245.0,18167.0,0,0,3.0,2.0,4.0,1.0,4.0,2.0,100.0,0.20457999999999998,0,1
216,6,410,5,23604098.0,10000000.0,32,259,1,1,1,1,260.0,18167.0,40.0,10.0,3.0,2.0,2.0,2.0,6.0,2.0,10183.0,1.51725,50061.0,3
217,6,406,5,331.0,100.0,32,86,0,1,1,1,260.0,18167.0,0,0,0,0,0,0,0,0,0,0,0,4
218,6,18,5,0,0,22,219,1,1,1,1,245.0,20668.0,35.0,10.0,4.0,1.0,0,1.0,6.0,3.0,0,0,0,4
219,6,34,5,257.0,100.0,73,718,0,1,1,1,255.0,96.0,0,0,4.0,2.0,2.0,2.0,8.0,8.0,30.0,42.088,300.0,4
219,6,34,5,257.0,100.0,59,440,1,1,1,1,255.0,0,0,0,0,0,0,0,0,0,30.0,42.088,0,4
220,6,36,5,856.0,100.0,32,134,1,1,1,0,265.0,18167.0,0,0,0,0,0,0,0,0,1920.0,0.55219,0,2
220,6,36,5,856.0,100.0,32,138,4,1,1,0,265.0,18167.0,0,0,0,0,0,0,0,0,1920.0,0.55219,0,2
220,6,36,5,856.0,100.0,22,608,1,1,1,2,260.0,20668.0,0,0,4.0,1.0,1.0,1.0,4.0,4.0,1920.0,0.55219,1920.0,2
221,6,161,5,350007.0,100000.0,73,732,1,1,1,1,260.0,96.0,40.0,10.0,4.0,1.0,1.0,1.0,8.0,8.0,1692298.0,0.95783,1183706.0,4
221,6,161,5,350007.0,100000.0,32,148,1,1,1,1,260.0,18167.0,40.0,10.0,4.0,2.0,1.0,1.0,8.0,2.0,1692298.0,0.95783,1183706.0,4
222,6,163,5,3772984.0,1000000.0,73,732,1,1,1,1,260.0,96.0,40.0,10.0,4.0,1.0,1.0,1.0,8.0,8.0,1292905.0,1.0943399999999999,332278.0,3
222,6,163,5,3772984.0,1000000.0,32,71,1,1,1,1,260.0,18167.0,40.0,10.0,4.0,2.0,1.0,1.0,4.0,2.0,1292905.0,1.0943399999999999,142942.0,3
223,6,162,5,3397472.0,1000000.0,32,148,1,1,1,1,260.0,18167.0,40.0,10.0,3.0,2.0,0,2.0,4.0,2.0,0,0,0,4
224,6,371,5,0,0,32,75,1,1,1,0,0,18167.0,90.0,10.0,3.0,2.0,2.0,2.0,8.0,2.0,2258.0,3.3683,309.0,4
225,6,169,5,56.0,10.0,0,98,1,1,1,0,0,311.0,0,0,0,0,0,0,0,0,0,0,0,4
226,6,164,5,3455582.0,1000000.0,32,65,1,1,1,1,260.0,18167.0,0,0,0,0,0,0,0,0,2980.0,1.77,8080.0,3
226,6,164,5,3455582.0,1000000.0,32,72,1,1,1,1,260.0,18167.0,74.0,10.0,4.0,2.0,2.0,2.0,8.0,2.0,2980.0,1.77,8080.0,3
227,6,132,5,345.0,1000.0,32,66,1,1,1,0,0,18167.0,71.0,10.0,4.0,2.0,2.0,2.0,8.0,2.0,0,0.239,5000.0,2
228,6,167,5,150204.0,100000.0,36,212,1,1,1,0,0,9422.0,0,0,3.0,2.0,0,1.0,7.0,13.0,0,0,0,2
228,6,167,5,150204.0,100000.0,32,97,1,1,1,0,0,18167.0,0,0,3.0,2.0,0,1.0,4.0,2.0,0,0,0,2
228,6,167,5,150204.0,100000.0,32,122,4,1,1,0,0,18167.0,0,0,0,0,0,0,0,0,0,0,0,2
229,6,27,5,1913739.0,100000.0,32,154,1,1,1,1,260.0,18167.0,40.0,10.0,3.0,2.0,2.0,2.0,8.0,2.0,673.0,21.2415,700.0,2
230,6,28,5,341391.0,10000.0,32,155,1,1,1,0,0,18167.0,40.0,10.0,3.0,2.0,2.0,2.0,8.0,2.0,673.0,13.07475,701.0,2
231,6,30,5,165468.0,10000.0,32,152,1,1,1,0,0,18167.0,40.0,10.0,3.0,2.0,2.0,2.0,8.0,2.0,1346.0,2.2253,1700.0,2
232,6,26,5,252339.0,10000.0,32,156,1,1,1,0,0,18167.0,40.0,10.0,3.0,2.0,2.0,2.0,8.0,2.0,588.0,2.73105,642.0,2
233,6,29,5,393553.0,10000.0,32,153,1,1,1,0,0,18167.0,40.0,10.0,3.0,2.0,2.0,2.0,8.0,2.0,588.0,16.68975,642.0,2
234,6,148,5,0,0,32,99,1,1,1,1,245.0,18167.0,40.0,10.0,3.0,2.0,0,2.0,8.0,2.0,0,0,0,2
235,6,42,5,12794.0,100000.0,36,245,1,1,1,0,0,9422.0,0,0,3.0,3.0,0,3.0,18.0,3.0,0,0,0,3
236,6,48,5,64.0,10.0,74,656,0,1,1,0,0,96.0,0,0,0,0,0,0,0,0,21896.0,1.99918,16954.0,4
236,6,48,5,64.0,10.0,74,655,1,1,1,0,0,96.0,40.0,10.0,4.0,1.0,1.0,1.0,8.0,8.0,21896.0,1.99918,16954.0,4
237,6,49,5,260931.0,1000000.0,36,244,0,1,1,0,0,9422.0,0,0,3.0,2.0,0,2.0,9.0,1.0,0,0,0,4
238,6,157,5,31159.0,100000.0,36,233,0,1,1,1,260.0,9422.0,0,0,0,0,0,0,0,0,0,0,0,4
239,6,375,5,8886654.0,100000.0,7,358,1,1,1,0,0,9422.0,71.0,36.0,3.0,2.0,2.0,2.0,8.0,4.0,417.0,21.88214,773.0,3
239,6,375,5,8886654.0,100000.0,7,360,4,1,1,0,0,9422.0,0,0,0,0,0,0,0,0,417.0,21.88214,773.0,3
240,6,376,5,110551.0,1000.0,7,364,1,1,1,0,0,9422.0,62.0,31.0,3.0,2.0,2.0,2.0,8.0,4.0,6936.0,29.8185,4446.0,3
241,6,375,5,91522465.0,1000000.0,7,359,1,1,1,0,0,9422.0,0,0,3.0,2.0,0,2.0,8.0,4.0,0,0,0,3
242,6,329,5,95232.0,1000.0,7,365,1,1,1,0,0,9422.0,0,0,3.0,2.0,0,2.0,8.0,4.0,0,0,0,3
243,6,363,5,8433.0,10000.0,36,82,1,1,1,2,260.0,9422.0,36.0,18.0,3.0,2.0,2.0,2.0,8.0,4.0,41091.0,0.77783,12801.0,2
244,6,419,5,5494.0,1000.0,73,415,0,1,1,1,260.0,96.0,0,0,0,0,0,0,0,0,0,0,0,4
245,6,420,5,10208.0,1000.0,73,728,0,1,1,0,0,96.0,0,0,4.0,2.0,0,2.0,8.0,8.0,0,0,0,4
246,6,416,5,0,0,73,726,0,1,0,0,0,96.0,0,0,0,0,0,0,0,0,0,0,0,0
247,6,417,5,0,0,73,727,0,1,0,0,0,96.0,0,0,0,0,0,0,0,0,11160.0,0,0,0
248,6,294,5,28999.0,10000.0,11,417,1,1,1,2,260.0,418.0,0,0,0,0,0,1.0,0,0,0,0,0,2
248,6,294,5,28999.0,10000.0,14,411,1,1,1,1,260.0,9422.0,0,0,3.0,4.0,0,1.0,26.0,4.0,0,0,0,2
249,6,227,5,123965792.0,10000000.0,1,13,1,1,1,0,0,18167.0,20.0,10.0,4.0,2.0,2.0,2.0,8.0,2.0,132.0,1.27449,1001.0,4
250,6,293,5,6.0,1.0,44,675,1,1,1,0,0,12820.0,0,0,0,0,0,0,0,0,0,0,0,4
251,6,55,5,1.0,1.0,51,514,1,1,1,0,0,2941.0,40.0,5.0,2.0,1.0,1.0,1.0,6.0,2.0,1896.0,0.74233,500.0,4
251,6,55,5,1.0,1.0,76,686,1,1,1,0,0,0,0,0,0,0,0,0,0,0,1896.0,0.74233,0,4
251,6,55,5,1.0,1.0,77,686,4,1,1,0,0,0,0,0,0,0,0,0,0,0,1896.0,0.74233,0,4
251,6,55,5,1.0,1.0,78,686,4,1,1,0,0,0,0,0,0,0,0,0,0,0,1896.0,0.74233,0,4
252,6,425,5,1.0,1.0,62,372,1,1,1,1,260.0,18167.0,40.0,10.0,3.0,2.0,2.0,2.0,8.0,2.0,8466.0,0.8496600000000001,10819.0,4
253,6,282,5,0,0,62,273,1,1,1,0,0,18167.0,40.0,10.0,3.0,2.0,2.0,1.0,8.0,2.0,1898.0,2.0331200000000003,1500.0,4
253,6,282,5,0,0,50,78,1,1,1,0,0,20433.0,0,0,0,0,0,0,0,0,1898.0,2.0331200000000003,0,4
254,6,310,5,1.0,1.0,58,383,1,1,1,0,0,9422.0,49.0,25.0,3.0,3.0,3.0,3.0,26.0,13.0,4729.0,0.43442,42676.0,4
255,6,168,14,2.0,100.0,21,312,1,1,1,0,0,418.0,18.0,18.0,3.0,3.0,0,3.0,22.0,22.0,0,0,0,3
255,6,168,14,2.0,100.0,21,311,6,1,1,0,0,418.0,0,0,0,0,0,0,0,0,0,0,0,3
256,6,126,9,4.0,10.0,3,310,1,1,1,0,0,18167.0,0,0,3.0,2.0,0,2.0,8.0,2.0,0,0,0,2
257,6,405,25,8189392.0,10000000.0,32,246,1,1,1,0,0,18167.0,0,0,0,0,0,0,0,0,0,0.14262,2000.0,4
257,6,405,25,8189392.0,10000000.0,32,247,1,1,1,0,0,18167.0,0,0,4.0,2.0,2.0,2.0,8.0,2.0,0,0.14262,2000.0,4
258,6,403,23,958.0,1000.0,47,384,1,1,1,0,0,418.0,50.0,20.0,2.0,2.0,0,2.0,7.0,7.0,0,0,0,2
259,5,394,0,242212.0,100000.0,40,298,1,1,1,0,0,75.0,25.0,5.0,3.0,2.0,2.0,2.0,6.0,2.0,19435.0,1.12034,1650.0,2
260,5,395,0,208.0,10.0,37,562,1,1,1,0,0,82.0,40.0,10.0,1.0,1.0,1.0,1.0,8.0,3.0,1211172.0,0.5764699999999999,825882.0,1
260,5,395,0,208.0,10.0,17,209,1,1,1,0,0,20475.0,35.0,6.0,2.0,1.0,1.0,1.0,2.0,2.0,1211172.0,0.5764699999999999,353951.0,1
261,5,159,9,7.0,1.0,40,296,6,1,1,0,0,75.0,0,0,0,0,0,0,0,0,5416.0,1.09476,0,2
261,5,159,9,7.0,1.0,17,260,1,1,1,0,0,20475.0,35.0,6.0,1.0,1.0,1.0,1.0,2.0,2.0,5416.0,1.09476,5962.0,2
262,6,7,0,4166.0,1000.0,40,297,1,1,1,0,0,75.0,0,0,3.0,2.0,0,1.0,6.0,2.0,0,0,0,2
263,6,431,0,77334749.0,10000000.0,73,224,1,1,1,0,0,96.0,0,0,0,0,0,0,0,0,0,0,0,2
264,6,430,0,85026071.0,10000000.0,73,421,1,1,1,0,0,96.0,0,0,0,0,0,0,0,0,660.0,1.40995,250.0,3
265,6,396,4,18362.0,10000.0,17,478,1,1,1,0,0,20475.0,0,0,0,0,0,0,0,0,0,0,0,4
265,6,396,4,18362.0,10000.0,17,479,1,1,1,0,0,20475.0,0,0,2.0,1.0,0,1.0,2.0,2.0,0,0,0,4
266,5,404,26,425.0,10000.0,37,204,1,1,1,0,0,82.0,0,0,2.0,1.0,0,1.0,8.0,3.0,0,0,0,2
266,5,404,26,425.0,10000.0,17,477,1,1,1,0,0,20475.0,0,0,2.0,1.0,0,1.0,2.0,2.0,0,0,0,2
267,6,166,0,4095507.0,1000000.0,49,25,4,1,1,0,0,96.0,0,0,0,0,0,0,0,0,16.0,0,0,4
267,6,166,0,4095507.0,1000000.0,32,146,1,1,1,0,0,18167.0,0,0,0,0,0,0,0,0,16.0,0,0,4
267,6,166,0,4095507.0,1000000.0,32,25,6,1,1,0,0,18167.0,0,0,0,0,0,0,0,0,16.0,0,0,4
268,6,128,0,1.0,1.0,51,484,1,1,1,0,0,2941.0,0,0,2.0,1.0,0,1.0,10.0,2.0,0,0,0,2
269,6,129,0,1057.0,1000.0,51,483,1,1,1,0,0,2941.0,0,0,2.0,1.0,0,1.0,10.0,2.0,0,0,0,2
270,6,146,0,2231.0,1000.0,73,275,1,1,1,0,0,96.0,40.0,10.0,3.0,2.0,2.0,1.0,8.0,3.0,2664.0,1.26813,2744.0,3
270,6,146,0,2231.0,1000.0,36,357,1,1,1,0,0,9422.0,0,0,0,0,0,0,0,0,2664.0,1.26813,0,3
271,5,170,0,94.0,100.0,40,329,1,1,1,0,0,75.0,35.0,5.0,4.0,3.0,1.0,1.0,12.0,2.0,1867886.0,0.08906,301565.0,1
271,5,170,0,94.0,100.0,17,81,1,1,1,0,0,20475.0,35.0,6.0,3.0,1.0,1.0,1.0,2.0,2.0,1867886.0,0.08906,703651.0,1
272,6,135,0,92.0,10.0,32,172,1,1,1,0,0,18167.0,40.0,10.0,3.0,2.0,0,2.0,4.0,2.0,324.0,0,0,2
273,6,429,0,14171502.0,1000000.0,32,254,1,1,1,0,0,18167.0,0,0,0,0,0,0,0,0,0,0,0,4
274,6,147,0,110343.0,100000.0,47,533,1,1,1,0,0,418.0,0,0,0,0,0,0,0,0,488.0,2.12,1.0,4
275,5,160,0,82938538.0,10000000.0,40,328,1,1,1,0,0,75.0,0,0,0,0,0,0,0,0,130232.0,0.42526,0,4
275,5,160,0,82938538.0,10000000.0,12,419,1,1,0,0,0,96.0,0,0,0,0,0,0,0,0,130232.0,0.42526,0,4
275,5,160,0,82938538.0,10000000.0,17,292,1,1,1,0,0,20475.0,0,0,0,0,0,0,0,0,130232.0,0.42526,700.0,4
276,6,154,0,418.0,100.0,36,49,1,1,1,0,0,9422.0,0,0,3.0,1.0,0,1.0,4.0,4.0,0,0,0,3
277,6,137,0,11412.0,10000.0,26,375,1,1,1,0,0,18167.0,0,0,0,0,0,0,0,0,0,0,0,4
278,6,150,0,3.0,1.0,7,227,1,1,1,1,250.0,9422.0,0,0,3.0,2.0,0,2.0,6.0,6.0,0,0,0,2
279,6,309,0,10.0,1.0,32,414,1,1,1,0,0,18167.0,50.0,10.0,3.0,2.0,0,2.0,8.0,2.0,0,0,0,2
280,3,20,0,840935.0,100000.0,32,161,1,1,1,0,0,18167.0,40.0,10.0,3.0,2.0,0,2.0,8.0,2.0,0,0,0,4
281,3,22,0,840935.0,100000.0,57,377,1,1,1,0,0,75.0,25.0,7.0,4.0,4.0,1.0,1.0,26.0,4.0,2629795.0,1.2058799999999998,958861.0,2
281,3,22,0,840935.0,100000.0,32,160,1,1,1,0,0,18167.0,40.0,10.0,4.0,2.0,1.0,1.0,8.0,2.0,2629795.0,1.2058799999999998,958861.0,2
282,6,21,0,31071.0,1000.0,32,162,1,1,1,0,0,18167.0,0,0,0,0,0,0,0,0,65116.0,2.28,12.0,4
283,3,130,0,14631.0,1000.0,57,378,1,1,1,0,0,75.0,25.0,7.0,4.0,4.0,1.0,1.0,26.0,4.0,2652591.0,0.9950899999999999,939194.0,1
283,3,130,0,14631.0,1000.0,32,157,1,1,1,0,0,18167.0,40.0,10.0,4.0,2.0,1.0,1.0,8.0,2.0,2652591.0,0.9950899999999999,939194.0,1
284,6,134,0,19055965.0,1000000.0,32,69,1,1,1,0,0,18167.0,40.0,10.0,3.0,2.0,2.0,2.0,8.0,2.0,1608.0,3.28738,2876.0,2
284,6,134,0,19055965.0,1000000.0,32,68,6,1,0,0,0,18167.0,0,0,0,0,0,0,0,0,1608.0,3.28738,2876.0,2
285,6,131,0,1161.0,100.0,57,653,1,1,1,0,0,75.0,0,0,0,0,0,1.0,0,0,28968.0,0.59568,25236.0,1
285,6,131,0,1161.0,100.0,32,159,1,1,1,0,0,18167.0,40.0,10.0,3.0,2.0,0,1.0,8.0,2.0,28968.0,0.59568,0,1
286,6,134,0,1807674.0,100000.0,32,70,1,1,1,0,0,18167.0,40.0,10.0,3.0,2.0,2.0,2.0,4.0,2.0,11744.0,3.14577,10798.0,2
287,6,23,0,5671391.0,100000.0,74,367,0,1,1,0,0,96.0,0,0,4.0,2.0,0,2.0,8.0,4.0,0,0,0,0
287,6,23,0,5671391.0,100000.0,61,368,1,1,1,0,0,96.0,0,0,0,0,0,0,0,0,75720.0,0,0,4
287,6,23,0,5671391.0,100000.0,74,368,1,1,1,0,0,96.0,0,0,0,0,0,0,0,0,75720.0,0,0,4
288,6,24,0,551675.0,10000.0,74,369,1,1,1,0,0,96.0,0,0,4.0,2.0,0,2.0,8.0,4.0,0,0,0,0
288,6,24,0,551675.0,10000.0,61,369,1,1,1,0,0,96.0,0,0,0,0,0,0,0,0,30288.0,0,0,0
288,6,24,0,551675.0,10000.0,74,369,1,1,1,0,0,96.0,0,0,0,0,0,0,0,0,30288.0,0,0,0
289,6,19,0,2981.0,100.0,32,201,2,1,1,0,0,18167.0,0,0,0,0,0,0,0,0,29440.0,5.66,2.0,0
290,6,96,17,75580683.0,10000000.0,32,19,1,1,1,0,0,18167.0,40.0,10.0,4.0,2.0,2.0,2.0,8.0,2.0,72.0,1.19357,880.0,4
291,6,60,10,715.0,100.0,51,505,1,1,1,0,0,2941.0,0,0,2.0,1.0,0,1.0,10.0,2.0,0,0,0,2
291,6,60,10,715.0,100.0,10,654,1,1,0,0,0,18167.0,0,0,2.0,2.0,0,1.0,4.0,2.0,0,0,0,2
292,6,37,5,4999.0,1000.0,51,516,1,1,1,3,210.0,2941.0,0,0,0,0,0,0,0,0,0,0,0,4
293,6,37,5,0,0,51,486,6,1,1,0,0,2941.0,0,0,2.0,1.0,0,1.0,10.0,2.0,0,0,0,4
294,6,151,10,13780879.0,1000000.0,51,502,1,1,1,0,0,2941.0,0,0,0,0,0,0,0,0,0,2.227,12000.0,4
294,6,151,10,13780879.0,1000000.0,51,503,1,1,1,0,0,2941.0,40.0,5.0,2.0,1.0,1.0,1.0,10.0,2.0,0,2.227,12000.0,4
295,6,98,13,0,0,51,506,1,1,1,0,0,2941.0,0,0,2.0,1.0,0,1.0,10.0,2.0,0,0,0,2
296,6,108,5,0,0,51,507,2,1,1,0,0,2941.0,0,0,0,0,0,0,0,0,0,0,0,4
297,6,118,5,126916.0,10000.0,51,525,1,1,1,1,255.0,2941.0,0,0,0,0,0,0,0,0,1663.0,1.61964,4300.0,3
297,6,118,5,126916.0,10000.0,51,526,1,1,1,0,0,2941.0,40.0,5.0,2.0,1.0,1.0,1.0,10.0,2.0,1663.0,1.61964,4300.0,3
298,6,119,5,11805.0,1000.0,51,521,1,1,1,1,255.0,2941.0,40.0,5.0,2.0,1.0,0,1.0,10.0,2.0,0,0,0,3
298,6,119,5,11805.0,1000.0,51,520,4,1,1,1,255.0,2941.0,0,0,0,0,0,0,0,0,0,0,0,3
298,6,119,5,11805.0,1000.0,51,495,6,1,1,0,0,2941.0,0,0,0,0,0,0,0,0,0,0,0,3
299,6,56,10,10.0,1.0,9,460,1,1,1,2,260.0,418.0,0,0,0,0,0,0,0,0,0,0,0,4
300,6,82,5,0,0,32,24,1,1,1,0,0,18167.0,0,0,3.0,2.0,0,2.0,8.0,2.0,0,0,0,2
301,6,58,5,0,0,52,314,1,1,0,0,0,96.0,0,0,0,0,0,0,0,0,0,0,0,4
301,6,58,5,0,0,2,454,1,1,0,0,0,418.0,0,0,0,0,0,0,0,0,0,0,0,4
301,6,58,5,0,0,31,356,4,1,0,0,0,18167.0,199.0,10.0,3.0,2.0,0,1.0,4.0,2.0,0,0,0,4
301,6,58,5,0,0,32,356,1,1,0,0,0,18167.0,199.0,10.0,3.0,2.0,0,1.0,4.0,2.0,0,0,0,4
302,6,78,5,822583.0,100000.0,52,586,1,1,1,1,240.0,96.0,0,0,0,0,0,0,0,0,0,0,0,4
302,6,78,5,822583.0,100000.0,52,313,6,1,1,1,240.0,96.0,0,0,0,0,0,0,0,0,0,0,0,4
302,6,78,5,822583.0,100000.0,47,445,1,1,1,1,260.0,418.0,0,0,0,0,0,0,0,0,0,0,0,4
303,6,116,5,5.0,1.0,9,459,1,1,1,2,260.0,418.0,0,0,0,0,0,0,0,0,4.0,0,0,4
304,6,68,5,0,0,47,457,1,1,1,2,260.0,418.0,0,0,2.0,2.0,0,2.0,9.0,9.0,0,0,0,2
305,6,69,5,16532384.0,1000000.0,34,54,1,1,1,0,0,2093.0,0,0,3.0,1.0,0,1.0,14.0,3.0,0,0,0,3
305,6,69,5,16532384.0,1000000.0,51,497,6,1,1,1,255.0,2941.0,0,0,0,0,0,0,0,0,0,0,0,3
305,6,69,5,16532384.0,1000000.0,51,498,1,1,1,0,0,2941.0,40.0,5.0,2.0,1.0,0,1.0,10.0,2.0,0,0,0,3
306,6,63,5,7542.0,1000.0,52,587,1,1,1,0,0,96.0,0,0,0,0,0,0,0,0,0,0,0,4
306,6,63,5,7542.0,1000.0,9,385,1,1,1,2,260.0,418.0,0,0,0,0,0,0,0,0,0,0,0,4
306,6,63,5,7542.0,1000.0,43,79,4,1,1,0,0,18167.0,0,0,0,0,0,0,0,0,0,0,0,4
307,6,80,5,0,0,52,366,4,1,1,0,220.0,96.0,0,0,0,0,0,0,0,0,0,0,0,4
307,6,80,5,0,0,2,444,0,1,1,0,260.0,418.0,0,0,0,0,0,0,0,0,0,0,0,4
308,6,107,5,0,0,47,458,1,1,1,1,260.0,418.0,39.0,20.0,3.0,3.0,3.0,3.0,15.0,8.0,0,3.71,240.0,3
309,6,84,5,825283.0,100000.0,52,582,1,1,1,1,260.0,96.0,20.0,10.0,3.0,2.0,3.0,1.0,8.0,3.0,3311.0,0.64194,0,3
309,6,84,5,825283.0,100000.0,47,446,1,1,1,0,0,418.0,20.0,20.0,3.0,3.0,3.0,1.0,15.0,8.0,3311.0,0.64194,3515.0,3
310,6,57,5,1096611.0,100000.0,52,574,1,1,1,1,260.0,96.0,0,0,0,0,0,0,0,0,0,0,0,3
310,6,57,5,1096611.0,100000.0,52,575,1,1,1,1,260.0,96.0,0,0,3.0,2.0,0,1.0,8.0,3.0,0,0,0,3
310,6,57,5,1096611.0,100000.0,47,455,1,1,1,1,260.0,418.0,20.0,20.0,3.0,3.0,0,1.0,15.0,8.0,0,0,0,3
311,6,64,5,1410324.0,100000.0,52,577,1,1,0,0,0,96.0,0,0,0,0,0,0,0,0,130.0,1.5888200000000001,1001.0,4
311,6,64,5,1410324.0,100000.0,52,580,1,1,0,0,0,96.0,40.0,10.0,3.0,2.0,2.0,2.0,8.0,3.0,130.0,1.5888200000000001,1001.0,4
312,6,81,5,630081.0,100000.0,52,583,1,1,1,1,260.0,96.0,0,0,0,0,0,0,0,0,0,0,0,2
312,6,81,5,630081.0,100000.0,52,584,1,1,1,1,260.0,96.0,0,0,0,0,0,0,0,0,0,0,0,2
313,6,65,5,1734.0,100.0,52,579,1,1,1,1,260.0,96.0,30.0,10.0,3.0,2.0,2.0,2.0,8.0,3.0,840.0,1.3889,1001.0,3
313,6,65,5,1734.0,100.0,52,578,4,1,1,2,260.0,96.0,0,0,0,0,0,0,0,0,840.0,1.3889,1001.0,3
314,6,109,5,25.0,1.0,52,531,1,1,1,1,260.0,96.0,0,0,0,0,0,0,0,0,0,0,0,4
315,6,85,5,0,0,32,279,1,1,0,0,0,18167.0,154.0,10.0,4.0,2.0,2.0,2.0,8.0,2.0,60.0,0.65242,1550.0,4
316,6,156,5,452533.0,100000.0,36,376,1,1,1,0,0,9422.0,20.0,10.0,3.0,2.0,2.0,1.0,8.0,1.0,0,3.0142700000000002,156.0,3
316,6,156,5,452533.0,100000.0,33,600,1,1,1,2,270.0,20433.0,0,0,0,0,0,0,0,0,0,3.0142700000000002,0,3
317,6,155,5,452533.0,100000.0,51,598,1,1,1,0,0,2941.0,40.0,5.0,6.0,6.0,6.0,1.0,10.0,2.0,0,6.613519999999999,624.0,3
317,6,155,5,452533.0,100000.0,33,599,1,1,1,2,270.0,20433.0,0,0,0,0,0,0,0,0,0,6.613519999999999,0,3
318,6,399,5,5.0,10.0,33,743,1,1,1,0,0,20433.0,0,0,0,0,0,0,0,0,0,0,0,4
319,6,67,5,1769809.0,100000.0,73,490,0,1,0,0,0,96.0,0,0,0,0,0,0,0,0,1110.0,11.47053,0,4
319,6,67,5,1769809.0,100000.0,18,210,1,1,1,0,0,2910.0,40.0,20.0,2.0,2.0,2.0,2.0,8.0,2.0,1110.0,11.47053,7425.0,4
320,0,123,5,682704.0,100000.0,73,528,6,1,1,2,255.0,96.0,0,0,0,0,0,0,0,0,0,0,0,3
320,0,123,5,682704.0,100000.0,69,280,1,1,1,0,0,18167.0,0,0,3.0,2.0,0,2.0,4.0,2.0,0,0,0,3
321,6,99,5,47.0,1.0,51,485,1,1,1,0,0,2941.0,40.0,5.0,2.0,1.0,1.0,1.0,10.0,2.0,151794.0,7.24883,235082.0,4
322,6,88,5,0,0,52,571,1,1,1,1,260.0,96.0,35.0,10.0,3.0,2.0,2.0,1.0,8.0,3.0,2258.0,1.01144,2160.0,3
322,6,88,5,0,0,32,95,1,1,1,1,260.0,18167.0,0,0,0,0,0,0,0,0,2258.0,1.01144,0,3
323,6,62,5,119586.0,10000.0,47,41,1,1,1,1,265.0,418.0,0,0,4.0,4.0,0,4.0,22.0,22.0,0,0,0,3
323,6,62,5,119586.0,10000.0,47,42,6,1,1,1,265.0,418.0,0,0,0,0,0,0,0,0,0,0,0,3
324,6,86,5,13578.0,1000.0,34,63,1,1,1,2,260.0,2093.0,0,0,0,0,0,0,0,0,8824.0,2.05154,0,4
324,6,86,5,13578.0,1000.0,51,492,1,1,1,2,260.0,2941.0,40.0,5.0,2.0,1.0,1.0,1.0,10.0,2.0,8824.0,2.05154,5032.0,4
325,6,71,5,23845.0,1000.0,34,64,1,1,1,2,260.0,2093.0,60.0,45.0,3.0,1.0,1.0,1.0,14.0,3.0,9076.0,2.62153,4296.0,4
325,6,71,5,23845.0,1000.0,51,493,1,1,1,2,260.0,2941.0,0,0,0,0,0,0,0,0,9076.0,2.62153,0,4
326,4,100,5,216125238.0,10000000.0,18,211,1,1,1,0,0,2910.0,40.0,20.0,2.0,2.0,2.0,2.0,8.0,2.0,260.0,19.33703,1281.0,4
327,6,319,5,275.0,100000.0,36,409,0,1,0,0,0,9422.0,0,0,0,0,0,0,0,0,0,0,0,4
327,6,319,5,275.0,100000.0,63,236,1,1,1,0,0,18167.0,0,0,0,0,0,0,0,0,0,0,0,4
327,6,319,5,275.0,100000.0,63,235,6,1,0,0,0,18167.0,0,0,0,0,0,0,0,0,0,0,0,4
328,6,121,5,15.0,1.0,51,443,1,1,1,1,260.0,2941.0,40.0,5.0,2.0,1.0,1.0,1.0,10.0,2.0,2231.0,4.7779300000000005,2385.0,4
329,6,315,5,32.0,10.0,35,687,1,1,1,0,0,2296.0,0,0,0,0,0,0,0,0,0,0,0,4
329,6,315,5,32.0,10.0,44,405,6,1,1,0,0,12820.0,0,0,0,0,0,0,0,0,0,0,0,4
329,6,315,5,32.0,10.0,50,119,1,1,1,0,0,20433.0,0,0,0,0,0,0,0,0,0,0,0,4
330,6,312,5,177629.0,100000.0,32,242,1,1,1,2,260.0,18167.0,0,0,0,0,0,0,0,0,0,0.49311000000000005,100.0,4
330,6,312,5,177629.0,100000.0,62,268,6,1,1,0,0,18167.0,0,0,0,0,0,0,0,0,0,0.49311000000000005,100.0,4
330,6,312,5,177629.0,100000.0,28,420,1,1,1,0,245.0,0,0,0,0,0,0,0,0,0,0,0.49311000000000005,0,4
331,6,3,5,2.0,1.0,9,40,1,1,1,1,260.0,418.0,0,0,1.0,1.0,0,1.0,7.0,7.0,0,0,0,3
332,6,74,16,1.0,1.0,14,62,1,1,1,1,245.0,9422.0,51.0,26.0,1.0,1.0,1.0,1.0,1.0,1.0,96.0,7.31122,336.0,4
333,6,316,5,42.0,10.0,25,538,1,1,1,0,0,406.0,40.0,12.0,2.0,1.0,1.0,1.0,6.0,10.0,600.0,0.85031,1776.0,3
333,6,316,5,42.0,10.0,25,539,4,1,1,0,0,406.0,0,0,0,0,0,0,0,0,600.0,0.85031,1776.0,3
333,6,316,5,42.0,10.0,27,538,1,1,1,0,0,0,0,0,0,0,0,0,0,0,600.0,0.85031,0,3
333,6,316,5,42.0,10.0,27,539,4,1,1,0,0,0,0,0,0,0,0,0,0,0,600.0,0.85031,0,3
334,6,2,5,264.0,100.0,52,435,1,1,1,2,260.0,96.0,35.0,10.0,4.0,3.0,3.0,3.0,16.0,4.0,156256.0,0.68138,231488.0,3
334,6,2,5,264.0,100.0,8,380,4,1,1,1,260.0,9422.0,0,0,0,0,0,0,0,0,156256.0,0.68138,0,3
335,6,311,5,2911.0,1000.0,32,118,1,1,1,0,0,18167.0,0,0,0,0,0,0,0,0,0,0,0,4
335,6,311,5,2911.0,1000.0,32,239,1,1,1,0,0,18167.0,0,0,0,0,0,0,0,0,0,0,0,4
335,6,311,5,2911.0,1000.0,32,240,1,1,1,0,0,18167.0,0,0,0,0,0,0,0,0,0,0,0,4
336,5,314,18,10.0,1.0,31,243,1,1,1,0,0,18167.0,40.0,10.0,3.0,2.0,2.0,2.0,8.0,2.0,0,0.35,48002.0,2
337,5,318,18,10.0,1.0,44,406,1,1,1,0,0,12820.0,30.0,25.0,1.0,3.0,3.0,3.0,12.0,2.0,187.0,0.4974,5000.0,4
338,12,313,18,5.0,1.0,7,232,1,1,1,0,0,9422.0,33.0,17.0,3.0,2.0,1.0,1.0,8.0,2.0,5049.0,0.3117,4248.0,4
338,12,313,18,5.0,1.0,44,663,1,1,1,0,0,12820.0,0,0,0,0,0,0,0,0,5049.0,0.3117,0,4
339,6,393,15,917.0,1000.0,11,315,1,1,1,1,260.0,418.0,10.0,10.0,4.0,4.0,1.0,1.0,26.0,6.0,24860.0,0.21861,17036.0,2
339,6,393,15,917.0,1000.0,11,316,0,1,0,0,0,418.0,0,0,0,0,0,0,0,0,24860.0,0.21861,17036.0,2
339,6,393,15,917.0,1000.0,71,130,1,1,1,1,260.0,20668.0,35.0,10.0,4.0,1.0,1.0,1.0,6.0,3.0,24860.0,0.21861,17684.0,2
339,6,393,15,917.0,1000.0,71,127,6,1,1,1,260.0,20668.0,0,0,0,0,0,0,0,0,24860.0,0.21861,17684.0,2
340,6,9,15,917.0,1000.0,11,251,1,1,1,1,260.0,418.0,30.0,20.0,3.0,3.0,1.0,1.0,14.0,6.0,27990.0,0.25722,8947.0,2
340,6,9,15,917.0,1000.0,71,130,1,1,1,1,260.0,20668.0,0,0,0,0,0,0,0,0,27990.0,0.25722,29056.0,2
340,6,9,15,917.0,1000.0,71,127,6,1,1,1,260.0,20668.0,0,0,0,0,0,0,0,0,27990.0,0.25722,29056.0,2
341,6,9,15,917.0,1000.0,11,252,1,1,1,1,260.0,418.0,10.0,10.0,4.0,4.0,1.0,1.0,26.0,6.0,105991.0,0.24503000000000003,24941.0,2
341,6,9,15,917.0,1000.0,71,131,1,1,1,1,260.0,20668.0,35.0,10.0,4.0,1.0,1.0,1.0,6.0,3.0,105991.0,0.24503000000000003,91366.0,2
341,6,9,15,917.0,1000.0,71,128,6,1,1,1,260.0,20668.0,0,0,0,0,0,0,0,0,105991.0,0.24503000000000003,91366.0,2
342,6,8,15,922.0,1000.0,11,253,1,1,1,1,260.0,418.0,45.0,20.0,4.0,4.0,1.0,1.0,26.0,6.0,11836.0,0.27033,5770.0,2
342,6,8,15,922.0,1000.0,71,132,1,1,1,1,260.0,20668.0,0,0,0,0,0,0,0,0,11836.0,0.27033,18878.0,2
342,6,8,15,922.0,1000.0,71,129,6,1,1,1,260.0,20668.0,0,0,0,0,0,0,0,0,11836.0,0.27033,18878.0,2
343,6,149,5,6.0,1.0,11,36,1,1,1,1,260.0,418.0,10.0,10.0,3.0,3.0,3.0,3.0,14.0,8.0,447436.0,3.9405,720051.0,3
344,6,418,5,0,0,73,416,0,1,0,0,0,96.0,0,0,3.0,2.0,0,2.0,8.0,3.0,0,0,0,0
345,6,144,5,56.0,10.0,11,37,1,1,1,1,260.0,418.0,10.0,10.0,3.0,3.0,3.0,3.0,16.0,8.0,298805.0,2.98228,264285.0,4
346,6,127,5,52.0,10.0,11,35,1,1,1,1,260.0,418.0,15.0,15.0,3.0,3.0,3.0,3.0,16.0,8.0,19664.0,3.07177,14136.0,3
347,6,153,20,0,0,51,511,1,1,1,0,0,2941.0,0,0,3.0,1.0,0,1.0,10.0,2.0,0,0,0,3
348,6,111,20,0,0,51,510,1,1,1,0,0,2941.0,0,0,3.0,1.0,1.0,1.0,10.0,2.0,0,3.77916,546.0,3
349,6,152,22,9201.0,10000.0,51,489,1,1,1,0,0,2941.0,40.0,5.0,6.0,6.0,6.0,6.0,8.0,2.0,266858.0,0.09375,239244.0,2
349,6,152,22,9201.0,10000.0,46,404,1,1,1,0,0,0,0,0,0,0,0,0,0,0,266858.0,0.09375,0,2
350,6,152,22,0,0,51,488,1,1,1,0,0,2941.0,40.0,5.0,6.0,6.0,6.0,6.0,8.0,2.0,1406.0,0.060739999999999995,1642.0,2
351,1,324,0,174.0,100.0,31,277,1,1,1,0,0,18167.0,0,0,3.0,2.0,0,2.0,4.0,2.0,0,0,0,3
351,1,324,0,174.0,100.0,31,276,6,1,1,0,0,18167.0,0,0,0,0,0,0,0,0,0,0,0,3
352,9,299,0,16106.0,10000.0,32,395,1,1,1,0,0,18167.0,0,0,3.0,2.0,0,2.0,8.0,2.0,0,0,0,4
353,9,308,0,16106.0,10000.0,32,394,1,1,1,0,0,18167.0,0,0,3.0,2.0,0,2.0,8.0,2.0,0,0,0,4
354,9,301,0,16106.0,10000.0,32,393,1,1,1,0,0,18167.0,0,0,3.0,2.0,0,2.0,8.0,2.0,0,0,0,4
355,8,300,0,16106.0,10000.0,32,392,1,1,1,0,0,18167.0,0,0,3.0,2.0,0,2.0,8.0,2.0,0,0,0,4
356,8,304,0,16106.0,10000.0,32,391,1,1,1,0,0,18167.0,0,0,3.0,2.0,0,2.0,8.0,2.0,0,0,0,4
357,9,303,0,16106.0,10000.0,32,390,1,1,1,0,0,18167.0,0,0,3.0,2.0,0,2.0,8.0,2.0,0,0,0,4
358,9,306,0,16106.0,10000.0,32,389,1,1,1,0,0,18167.0,0,0,3.0,2.0,0,2.0,8.0,2.0,0,0,0,4
359,9,295,0,1479.0,1000.0,61,426,0,1,0,0,0,96.0,0,0,0,0,0,0,0,0,0,0,0,4
359,9,295,0,1479.0,1000.0,32,403,1,1,1,0,0,18167.0,0,0,3.0,2.0,0,2.0,8.0,2.0,0,0,0,4
360,9,307,0,1508.0,1000.0,61,423,0,1,0,0,0,96.0,0,0,0,0,0,0,0,0,0,0,0,4
360,9,307,0,1508.0,1000.0,32,402,1,1,1,0,0,18167.0,0,0,3.0,2.0,0,2.0,8.0,2.0,0,0,0,4
361,9,297,0,1508.0,1000.0,61,428,0,1,0,0,0,96.0,0,0,0,0,0,0,0,0,0,0,0,4
361,9,297,0,1508.0,1000.0,32,401,1,1,1,0,0,18167.0,0,0,3.0,2.0,0,2.0,8.0,2.0,0,0,0,4
362,9,296,0,1508.0,1000.0,61,427,0,1,0,0,0,96.0,0,0,0,0,0,0,0,0,0,0,0,4
362,9,296,0,1508.0,1000.0,32,400,1,1,1,0,0,18167.0,0,0,3.0,2.0,0,2.0,8.0,2.0,0,0,0,4
363,9,302,0,15138.0,10000.0,61,429,0,1,0,0,0,96.0,0,0,0,0,0,0,0,0,0,0,0,4
363,9,302,0,15138.0,10000.0,32,399,1,1,1,0,0,18167.0,0,0,3.0,2.0,0,2.0,8.0,2.0,0,0,0,4
364,9,306,0,1508.0,1000.0,61,431,0,1,0,0,0,96.0,0,0,0,0,0,0,0,0,0,0,0,4
364,9,306,0,1508.0,1000.0,32,398,1,1,1,0,0,18167.0,0,0,3.0,2.0,0,2.0,8.0,2.0,0,0,0,4
365,9,305,0,16106.0,10000.0,61,430,0,1,0,0,0,96.0,0,0,0,0,0,0,0,0,0,0,0,4
365,9,305,0,16106.0,10000.0,32,397,1,1,1,0,0,18167.0,0,0,3.0,2.0,0,2.0,8.0,2.0,0,0,0,4
366,9,298,0,16106.0,10000.0,32,396,1,1,1,0,0,18167.0,0,0,3.0,2.0,0,2.0,8.0,2.0,0,0,0,4
367,6,145,3,65.0,1.0,36,324,4,1,1,1,260.0,9422.0,0,0,0,0,0,0,0,0,36.0,8.41568,0,4
367,6,145,3,65.0,1.0,32,371,1,1,1,1,260.0,18167.0,60.0,10.0,4.0,2.0,2.0,2.0,4.0,2.0,36.0,8.41568,224.0,4
368,6,423,9,977823.0,100000.0,61,713,0,1,0,0,0,96.0,0,0,4.0,2.0,2.0,2.0,8.0,3.0,4649.0,4.51129,0,2
368,6,423,9,977823.0,100000.0,1,60,1,1,1,0,0,18167.0,40.0,10.0,3.0,2.0,2.0,2.0,8.0,2.0,4649.0,4.51129,7001.0,2
369,6,426,9,90043.0,10000.0,62,115,1,1,1,0,0,18167.0,40.0,10.0,4.0,2.0,2.0,2.0,8.0,2.0,6291.0,0.93665,7232.0,2
370,6,427,9,15954.0,10000.0,61,712,0,1,0,0,0,96.0,0,0,4.0,2.0,2.0,2.0,8.0,3.0,2234.0,0.10145,5464.0,2
370,6,427,9,15954.0,10000.0,62,59,1,1,1,0,0,18167.0,40.0,10.0,3.0,2.0,2.0,2.0,8.0,2.0,2234.0,0.10145,0,2
371,6,377,9,485596.0,100000.0,58,337,1,1,1,0,0,9422.0,49.0,25.0,3.0,2.0,1.0,2.0,11.0,3.0,23873.0,0.4109,5126.0,3
371,6,377,9,485596.0,100000.0,58,325,4,1,1,0,0,9422.0,0,0,0,0,0,0,0,0,23873.0,0.4109,5126.0,3
371,6,377,9,485596.0,100000.0,62,58,4,1,1,0,0,18167.0,40.0,10.0,4.0,2.0,1.0,2.0,8.0,2.0,23873.0,0.4109,4525.0,3
371,6,377,9,485596.0,100000.0,62,200,0,1,0,0,0,18167.0,0,0,0,0,0,0,0,0,23873.0,0.4109,4525.0,3
372,6,375,9,71628.0,1000.0,30,725,1,1,1,0,0,96.0,40.0,10.0,4.0,2.0,2.0,2.0,8.0,3.0,0,11.05805,6450.0,3
372,6,375,9,71628.0,1000.0,30,724,4,1,1,0,0,96.0,0,0,0,0,0,0,0,0,0,11.05805,6450.0,3
373,7,422,9,15762.0,1000.0,22,213,1,1,1,0,0,20668.0,0,0,0,0,0,0,0,0,0,0,0,4
374,6,421,9,1622.0,100.0,7,336,1,1,1,0,0,9422.0,0,0,0,0,0,0,0,0,0,4.46125,0,2
374,6,421,9,1622.0,100.0,22,218,1,1,1,0,0,20668.0,35.0,10.0,4.0,1.0,1.0,1.0,6.0,3.0,0,4.46125,1100.0,2
375,6,421,9,29161.0,1000.0,7,335,1,1,1,0,0,9422.0,40.0,20.0,1.0,1.0,1.0,1.0,1.0,1.0,798.0,8.907739999999999,1080.0,3
375,6,421,9,29161.0,1000.0,71,215,0,1,1,0,0,20668.0,0,0,0,0,0,0,0,0,798.0,8.907739999999999,0,3
376,3,422,9,243831807.0,10000000.0,32,107,1,1,1,0,0,18167.0,35.0,10.0,3.0,2.0,2.0,2.0,8.0,2.0,3080.0,19.026320000000002,2932.0,3
377,7,378,9,7113.0,1000.0,52,707,1,1,1,0,0,96.0,0,0,0,0,0,0,0,0,0,0,0,4
378,6,387,9,2378.0,100.0,52,710,1,1,1,0,0,96.0,40.0,10.0,4.0,2.0,2.0,1.0,8.0,3.0,3414.0,2.40437,12097.0,3
378,6,387,9,2378.0,100.0,32,88,1,1,1,0,0,18167.0,0,0,0,0,0,0,0,0,3414.0,2.40437,0,3
378,6,387,9,2378.0,100.0,32,89,1,1,1,0,0,18167.0,0,0,0,0,0,0,0,0,3414.0,2.40437,0,3
379,6,389,9,355.0,10.0,52,711,1,1,1,0,0,96.0,40.0,10.0,4.0,2.0,2.0,2.0,8.0,3.0,2514.0,3.33774,4947.0,4
380,7,328,9,11620214.0,100000.0,32,144,1,1,1,0,0,18167.0,0,0,3.0,2.0,0,2.0,8.0,2.0,0,0,0,4
381,3,341,9,0,0,32,142,1,1,1,0,0,18167.0,0,0,3.0,2.0,2.0,2.0,8.0,2.0,0,0,0,3
382,6,349,9,0,0,32,140,1,1,1,0,0,18167.0,0,0,4.0,2.0,2.0,2.0,4.0,2.0,0,0,0,3
383,6,357,9,0,0,32,141,1,1,1,0,0,18167.0,0,0,4.0,2.0,2.0,2.0,4.0,2.0,0,0,0,3
384,6,346,9,0,0,36,354,1,1,1,0,0,9422.0,0,0,3.0,2.0,2.0,2.0,11.0,3.0,0,0,0,3
385,6,332,9,5301683.0,1000000.0,36,349,2,1,1,0,0,9422.0,0,0,3.0,2.0,2.0,2.0,11.0,3.0,97160.0,0,0,4
386,6,338,9,953.0,100.0,61,695,1,1,1,0,0,96.0,30.0,30.0,4.0,2.0,1.0,1.0,8.0,3.0,11160.0,1.33473,11000.0,2
386,6,338,9,953.0,100.0,36,352,1,1,1,0,0,9422.0,40.0,20.0,3.0,2.0,1.0,1.0,11.0,3.0,11160.0,1.33473,20001.0,2
387,3,346,9,1768.0,100.0,61,700,1,1,1,0,0,96.0,0,0,4.0,2.0,1.0,1.0,8.0,3.0,73540.0,2.38528,3600.0,2
387,3,346,9,1768.0,100.0,36,353,1,1,1,0,0,9422.0,0,0,3.0,2.0,1.0,1.0,11.0,3.0,73540.0,2.38528,8400.0,2
388,6,354,9,276003.0,10000.0,61,704,1,1,1,0,0,96.0,40.0,10.0,4.0,2.0,2.0,2.0,8.0,3.0,480596.0,3.32977,125205.0,2
388,6,354,9,276003.0,10000.0,36,344,1,1,1,0,0,9422.0,0,0,0,0,0,0,0,0,480596.0,3.32977,0,2
388,6,354,9,276003.0,10000.0,36,345,6,1,1,0,0,9422.0,44.0,22.0,3.0,2.0,2.0,2.0,11.0,3.0,480596.0,3.32977,0,2
389,6,359,9,341.0,10.0,73,705,1,1,1,0,0,96.0,0,0,0,0,0,0,0,0,120.0,0,0,4
389,6,359,9,341.0,10.0,73,706,2,1,1,0,0,96.0,0,0,0,0,0,0,0,0,120.0,0,0,4
389,6,359,9,341.0,10.0,73,705,0,1,0,0,0,96.0,0,0,0,0,0,0,0,0,120.0,0,0,4
390,7,331,9,71018.0,10000.0,73,708,0,1,0,0,0,96.0,0,0,4.0,2.0,2.0,2.0,8.0,3.0,0,0,0,4
390,7,331,9,71018.0,10000.0,36,0,0,1,1,0,0,9422.0,0,0,3.0,2.0,2.0,2.0,11.0,3.0,0,0,0,4
391,7,367,9,18.0,10.0,36,347,0,1,1,0,0,9422.0,0,0,3.0,2.0,2.0,2.0,11.0,3.0,0,0,0,4
392,6,368,9,13495.0,1000.0,61,709,1,1,1,0,0,96.0,0,0,4.0,2.0,2.0,1.0,8.0,3.0,0,0,0,2
392,6,368,9,13495.0,1000.0,36,348,1,1,1,0,0,9422.0,0,0,3.0,2.0,2.0,1.0,11.0,3.0,0,0,0,2
393,7,351,9,44375921.0,1000000.0,32,174,1,1,1,0,0,18167.0,0,0,3.0,2.0,0,2.0,8.0,2.0,0,0,0,4
394,6,358,9,246546.0,10000.0,32,173,1,1,1,0,0,18167.0,0,0,4.0,2.0,2.0,2.0,8.0,2.0,0,0,0,2
395,7,379,9,36735271.0,10000000.0,36,355,1,1,1,0,0,9422.0,0,0,3.0,2.0,0,2.0,11.0,3.0,0,0,0,4
396,6,379,9,11251.0,1000.0,36,50,1,1,1,0,0,9422.0,0,0,0,0,0,0,0,0,1431.0,3.1602900000000003,500.0,3
396,6,379,9,11251.0,1000.0,36,51,1,1,1,0,0,9422.0,40.0,20.0,3.0,2.0,2.0,2.0,11.0,3.0,1431.0,3.1602900000000003,500.0,3
397,6,386,9,391259.0,10000.0,32,171,4,1,1,0,0,18167.0,0,0,0,0,0,0,0,0,0,0,0,4
397,6,386,9,391259.0,10000.0,32,181,1,1,1,0,0,18167.0,0,0,4.0,2.0,0,2.0,8.0,4.0,0,0,0,4
398,6,337,9,919889.0,100000.0,32,196,1,1,1,0,0,18167.0,40.0,10.0,4.0,2.0,2.0,2.0,8.0,2.0,130.0,6.57475,418.0,3
399,6,344,9,14814724.0,1000000.0,32,177,1,1,1,0,0,18167.0,40.0,10.0,4.0,2.0,2.0,2.0,8.0,2.0,65.0,11.7334,267.0,2
400,6,352,9,2148578.0,100000.0,32,176,1,1,1,0,0,18167.0,40.0,10.0,4.0,2.0,2.0,2.0,8.0,2.0,11199.0,6.5549100000000005,3098.0,2
401,6,365,9,62.0,100.0,32,179,1,1,1,0,0,18167.0,0,0,3.0,2.0,0,2.0,8.0,2.0,82284.0,0.22635,1.0,2
402,7,364,9,3134193.0,1000000.0,32,178,1,1,1,0,0,18167.0,0,0,4.0,2.0,2.0,2.0,8.0,2.0,0,0,0,4
403,6,366,9,64.0,10.0,32,194,0,1,1,0,0,18167.0,0,0,0,0,0,0,0,0,82284.0,1.33041,1.0,4
403,6,366,9,64.0,10.0,32,193,1,1,1,0,0,18167.0,0,0,0,0,0,0,0,0,82284.0,1.33041,1.0,4
404,6,330,9,67212.0,1000.0,73,731,1,1,1,0,0,96.0,40.0,10.0,4.0,2.0,2.0,2.0,8.0,3.0,660.0,20.421889999999998,528.0,2
404,6,330,9,67212.0,1000.0,73,730,6,1,1,0,0,96.0,0,0,0,0,0,0,0,0,660.0,20.421889999999998,528.0,2
405,6,172,9,664.0,100.0,36,341,1,1,1,0,0,9422.0,0,0,1.0,1.0,1.0,1.0,1.0,1.0,1320.0,3.04556,2.0,3
406,6,171,9,648.0,100.0,36,340,1,1,1,0,0,9422.0,41.0,21.0,3.0,1.0,1.0,1.0,14.0,8.0,0,1.9817,1296.0,3
407,6,174,9,75.0,100.0,36,343,1,1,1,0,0,9422.0,45.0,23.0,1.0,1.0,1.0,1.0,1.0,1.0,0,0.2086,1056.0,3
408,6,175,9,5.0,1.0,36,342,1,1,1,0,0,9422.0,39.0,19.0,1.0,1.0,1.0,1.0,1.0,1.0,0,2.35822,1056.0,3
409,7,340,9,165319049.0,10000000.0,32,182,0,1,1,0,0,18167.0,0,0,4.0,2.0,2.0,2.0,8.0,2.0,0,0,0,2
410,7,348,9,296666052.0,10000000.0,32,184,0,1,1,0,0,18167.0,0,0,4.0,2.0,2.0,2.0,8.0,2.0,0,0,0,2
411,7,356,9,363278042.0,10000000.0,32,186,0,1,1,0,0,18167.0,0,0,4.0,2.0,2.0,2.0,8.0,2.0,0,0,0,2
412,7,339,9,182891608.0,10000000.0,32,183,0,1,1,0,0,18167.0,0,0,4.0,2.0,2.0,2.0,8.0,2.0,0,0,0,2
413,7,347,9,33181117.0,1000000.0,32,185,0,1,1,0,0,18167.0,0,0,4.0,2.0,2.0,2.0,8.0,2.0,0,0,0,2
414,7,355,9,398423159.0,10000000.0,32,187,0,1,1,0,0,18167.0,0,0,4.0,2.0,2.0,2.0,8.0,2.0,0,0,0,2
415,7,342,9,18253247.0,1000000.0,32,197,0,1,1,0,0,18167.0,0,0,0,0,0,0,0,0,0,0,0,4
416,7,350,9,327223442.0,10000000.0,32,199,0,1,1,0,0,18167.0,0,0,3.0,2.0,0,2.0,8.0,2.0,0,0,0,4
417,6,31,9,23095.0,1000.0,73,716,1,1,1,0,0,96.0,0,0,0,0,0,0,0,0,30.0,28.4094,1.0,2
417,6,31,9,23095.0,1000.0,59,436,1,1,1,0,0,0,0,0,0,0,0,0,0,0,30.0,28.4094,0,2
418,7,32,9,0,0,16,717,0,1,0,0,0,96.0,0,0,0,0,0,0,0,0,0,0,0,2
419,6,33,9,122.0,10.0,73,714,0,1,0,0,0,96.0,0,0,0,0,0,0,0,0,30.0,0,0,3
419,6,33,9,122.0,10.0,73,715,0,1,0,0,0,96.0,0,0,0,0,0,0,0,0,30.0,0,0,3
419,6,33,9,122.0,10.0,59,439,1,1,1,0,0,0,0,0,0,0,0,0,0,0,30.0,0,0,3
419,6,33,9,122.0,10.0,59,438,6,1,1,0,0,0,0,0,0,0,0,0,0,0,30.0,0,0,3
420,6,35,9,762.0,100.0,59,437,1,1,1,0,0,0,0,0,0,0,0,0,0,0,30.0,0,0,3
421,7,361,9,34743.0,1000.0,73,734,0,1,1,0,0,96.0,0,0,4.0,2.0,0,2.0,8.0,3.0,0,0,0,0
422,6,383,9,203138324.0,10000000.0,32,76,1,1,1,1,260.0,18167.0,0,0,3.0,2.0,0,2.0,8.0,2.0,5456.0,5.62394,3600.0,4
423,6,345,9,5055403.0,100000.0,32,190,1,1,1,0,0,18167.0,75.0,10.0,4.0,2.0,2.0,2.0,8.0,2.0,0,15.7005,225.0,2
424,6,353,9,7446171.0,100000.0,32,191,1,1,1,0,0,18167.0,0,0,4.0,2.0,2.0,2.0,8.0,2.0,0,23.24022,225.0,2
425,3,343,9,3334223.0,100000.0,32,198,1,1,1,0,0,18167.0,0,0,3.0,2.0,0,2.0,8.0,2.0,9915.0,20.8,2.0,2
426,7,360,9,99067.0,1000.0,73,733,0,1,1,0,0,96.0,0,0,0,0,0,0,0,0,0,0,0,2
427,6,381,9,10138.0,1000.0,61,694,0,1,1,0,0,96.0,0,0,0,0,0,0,0,0,5488.0,2.2425200000000003,0,3
427,6,381,9,10138.0,1000.0,7,334,1,1,1,0,0,9422.0,49.0,25.0,3.0,2.0,2.0,2.0,11.0,3.0,5488.0,2.2425200000000003,8740.0,3
428,6,384,9,16912437.0,1000000.0,7,326,1,1,1,0,0,9422.0,50.0,25.0,3.0,2.0,2.0,2.0,11.0,3.0,17.0,3.8145,480.0,3
429,6,12,9,0,0,54,475,1,1,1,0,0,402.0,0,0,0,0,0,0,0,0,0,0,0,4
429,6,12,9,0,0,6,472,1,1,1,0,0,0,0,0,0,0,0,0,0,0,0,0,0,4
430,2,14,9,0,0,54,474,1,1,1,0,0,402.0,0,0,0,0,0,0,0,0,0,0,0,4
430,2,14,9,0,0,6,473,1,1,1,0,0,0,0,0,0,0,0,0,0,0,0,0,0,4
431,6,13,9,0,0,54,476,1,1,1,0,0,402.0,0,0,0,0,0,0,0,0,0,0,0,4
431,6,13,9,0,0,6,657,1,1,1,0,0,0,0,0,0,0,0,0,0,0,0,0,0,4
432,6,16,9,4015.0,100.0,54,466,1,1,1,0,0,402.0,0,0,0,0,0,0,0,0,0,0,0,4
433,5,15,9,4235.0,100.0,54,465,1,1,1,0,0,402.0,0,0,0,0,0,0,0,0,0,0,0,4
434,6,385,9,1698.0,100.0,22,217,1,1,1,0,0,20668.0,35.0,10.0,4.0,1.0,0,1.0,6.0,3.0,0,0,0,3
435,6,110,9,0,0,54,470,1,1,1,0,0,402.0,0,0,0,0,0,0,0,0,0,1.88958,0,4
435,6,110,9,0,0,51,512,0,1,1,0,0,2941.0,0,0,3.0,1.0,1.0,1.0,10.0,2.0,0,1.88958,100.0,4
435,6,110,9,0,0,6,468,1,1,1,0,0,0,0,0,0,0,0,0,0,0,0,1.88958,0,4
436,6,101,9,609715.0,10000.0,54,471,1,1,1,0,0,402.0,0,0,0,0,0,0,0,0,0,0,0,2
436,6,101,9,609715.0,10000.0,51,513,1,1,1,0,0,2941.0,40.0,8.0,3.0,1.0,0,1.0,10.0,2.0,0,0,0,2
436,6,101,9,609715.0,10000.0,6,469,1,1,1,0,0,0,0,0,0,0,0,0,0,0,0,0,0,2
437,6,385,9,177.0,10.0,52,697,1,1,1,0,0,96.0,40.0,10.0,4.0,2.0,2.0,2.0,8.0,3.0,249.0,1.69218,501.0,3
437,6,385,9,177.0,10.0,52,696,4,1,1,0,0,96.0,0,0,0,0,0,0,0,0,249.0,1.69218,501.0,3
438,6,388,5,244333.0,10000.0,32,90,1,1,1,0,0,18167.0,0,0,4.0,2.0,0,2.0,8.0,2.0,0,0,0,3
439,6,422,9,1708968.0,100000.0,32,108,1,1,1,0,0,18167.0,40.0,10.0,3.0,2.0,0,1.0,8.0,2.0,21978.0,2.51248,0,1
439,6,422,9,1708968.0,100000.0,22,214,1,1,1,0,0,20668.0,0,0,0,0,0,0,0,0,21978.0,2.51248,16086.0,1
440,3,382,5,35.0,1.0,13,464,1,1,1,0,260.0,20726.0,40.0,15.0,2.0,2.0,2.0,2.0,10.0,8.0,4750.0,3.2,3151.0,4
441,6,388,5,2531998.0,100000.0,73,703,1,1,1,0,0,96.0,40.0,10.0,4.0,2.0,1.0,1.0,8.0,3.0,171761.0,2.11646,107668.0,2
441,6,388,5,2531998.0,100000.0,73,701,6,1,1,0,0,96.0,0,0,0,0,0,0,0,0,171761.0,2.11646,107668.0,2
441,6,388,5,2531998.0,100000.0,73,702,6,1,0,0,0,96.0,0,0,0,0,0,0,0,0,171761.0,2.11646,107668.0,2
441,6,388,5,2531998.0,100000.0,36,339,0,1,1,0,0,9422.0,0,0,0,0,0,0,0,0,171761.0,2.11646,0,2
441,6,388,5,2531998.0,100000.0,32,167,1,1,1,0,0,18167.0,56.0,10.0,3.0,2.0,1.0,1.0,8.0,2.0,171761.0,2.11646,161479.0,2
442,6,385,9,176.0,10.0,73,699,1,1,1,0,0,96.0,40.0,10.0,4.0,2.0,1.0,1.0,8.0,3.0,67998.0,2.29449,35360.0,2
442,6,385,9,176.0,10.0,73,597,6,1,1,0,0,96.0,0,0,0,0,0,0,0,0,67998.0,2.29449,35360.0,2
442,6,385,9,176.0,10.0,73,698,6,1,1,0,0,96.0,0,0,0,0,0,0,0,0,67998.0,2.29449,35360.0,2
442,6,385,9,176.0,10.0,32,77,1,1,1,0,0,18167.0,0,0,3.0,2.0,1.0,1.0,8.0,2.0,67998.0,2.29449,8840.0,2
443,6,338,9,88359.0,10000.0,32,143,1,1,1,0,0,18167.0,40.0,10.0,4.0,2.0,2.0,2.0,8.0,4.0,0,3.79313,270.0,2
444,6,398,21,10623.0,1000.0,47,28,1,1,1,0,0,418.0,20.0,10.0,4.0,4.0,1.0,1.0,26.0,6.0,289827.0,0.67145,190519.0,3
444,6,398,21,10623.0,1000.0,71,124,1,1,1,0,0,20668.0,35.0,10.0,4.0,1.0,1.0,1.0,6.0,3.0,289827.0,0.67145,176719.0,3
445,6,428,9,7448.0,1000.0,9,321,1,1,1,1,260.0,418.0,15.0,10.0,4.0,4.0,4.0,1.0,26.0,6.0,145817.0,0.53009,170471.0,3
445,6,428,9,7448.0,1000.0,11,320,6,1,1,0,0,418.0,0,0,0,0,0,0,0,0,145817.0,0.53009,170471.0,3
445,6,428,9,7448.0,1000.0,71,125,1,1,1,1,260.0,20668.0,35.0,10.0,4.0,1.0,4.0,1.0,6.0,3.0,145817.0,0.53009,0,3
446,6,6,9,183001618.0,10000000.0,11,27,1,1,1,0,0,418.0,0,0,4.0,4.0,4.0,1.0,26.0,8.0,0,0.8692,1800.0,4
446,6,6,9,183001618.0,10000000.0,11,26,6,1,1,0,0,418.0,0,0,0,0,0,0,0,0,0,0.8692,1800.0,4
446,6,6,9,183001618.0,10000000.0,71,123,1,1,1,1,260.0,20668.0,0,0,0,0,0,0,0,0,0,0.8692,0,4
447,6,52,9,183963.0,10000.0,11,38,1,1,1,0,0,418.0,0,0,4.0,4.0,0,1.0,26.0,26.0,2560.0,0,0,2
447,6,52,9,183963.0,10000.0,71,126,1,1,1,0,0,20668.0,0,0,4.0,1.0,0,1.0,6.0,3.0,2560.0,0,0,2
448,3,38,9,53847.0,1000.0,57,658,1,1,1,0,0,75.0,20.0,5.0,4.0,4.0,0,1.0,26.0,4.0,0,0,0,3
448,3,38,9,53847.0,1000.0,32,158,1,1,1,0,0,18167.0,99.0,10.0,2.0,2.0,0,1.0,8.0,2.0,0,0,0,3
449,11,38,9,0,0,32,67,6,1,0,0,0,18167.0,0,0,0,0,0,0,0,0,0,0,0,4
450,11,40,9,176648366.0,1000000.0,32,170,1,1,1,0,0,18167.0,0,0,3.0,2.0,0,2.0,4.0,2.0,0,0,0,4
451,11,39,9,1811625058.0,10000000.0,32,169,1,1,1,0,0,18167.0,0,0,3.0,2.0,0,2.0,4.0,2.0,0,0,0,4
452,4,41,9,74775033.0,1000000.0,32,195,1,1,1,0,0,18167.0,100.0,10.0,2.0,2.0,2.0,2.0,8.0,2.0,1348.0,9.963280000000001,1.0,2
453,11,43,9,52788464.0,10000000.0,32,248,1,1,1,0,0,18167.0,0,0,4.0,2.0,2.0,2.0,8.0,2.0,0,0,0,3
454,11,44,9,71393782.0,10000000.0,32,249,1,1,1,0,0,18167.0,0,0,4.0,2.0,2.0,2.0,8.0,2.0,0,0,0,3
455,11,45,9,141471973.0,10000000.0,32,250,1,1,1,0,0,18167.0,0,0,4.0,2.0,2.0,2.0,8.0,2.0,0,0,0,3
456,11,46,9,159172048.0,10000000.0,32,22,1,1,1,0,0,18167.0,0,0,0,0,0,0,0,0,0,0,0,3
457,6,4,18,15.0,1.0,9,319,1,1,1,0,0,418.0,30.0,20.0,4.0,4.0,4.0,4.0,26.0,6.0,132.0,1.77773,600.0,3
458,6,10,18,12.0,1.0,9,318,1,1,1,0,0,418.0,30.0,20.0,4.0,4.0,4.0,4.0,26.0,6.0,120.0,1.77773,600.0,3
458,6,10,18,12.0,1.0,11,317,6,1,1,0,0,418.0,0,0,0,0,0,0,0,0,120.0,1.77773,600.0,3
459,10,66,8,1.0,1.0,54,683,1,1,0,0,0,402.0,0,0,0,0,0,0,0,0,0,0,0,4
460,6,124,1,200.0,1.0,54,684,1,1,0,0,0,402.0,0,0,0,0,0,0,0,0,100.0,0,0,4
460,6,124,1,200.0,1.0,51,684,1,1,0,0,0,2941.0,0,0,3.0,1.0,0,1.0,10.0,2.0,100.0,0,0,4
